Plate,Sample Name,Group,GroupID,E2 effect,age effect,duration effect,timing effect,Raw18S_Ct,Raw GAPDH_Ct,Ar-Rn00560747_m1,Arntl-Rn00577590_m1,Avp-Rn00566449_m1,Avpr1a-Rn00583910_m1,Bdnf-Rn02531967_s1,Clock-Rn00573120_m1,Crh-Rn01462137_m1,Cry1-Rn01503063_m1,Cry2-Rn01485701_m1,Cyp19a1;LOC100359906-Rn00567222_m1,Dbh-Rn00565819_m1,Dbp-Rn00497539_m1,Drd1a-Rn03062203_s1,Drd2-Rn00561126_m1,Esr1-Rn01640372_m1,Esr2-Rn00562610_m1,Gapdh-Rn01775763_g1,Gh1-Rn01495894_g1,Ghrh-Rn00580832_m1,Gper-Rn01643280_s1,Grin1-Rn01436038_m1,Grin2a-Rn00561341_m1,Grin2b-Rn00680474_m1,Hcrt-Rn00565995_m1,Igf1-Rn00710306_m1,Igf1r-Rn00583837_m1,Kiss1-Rn00710914_m1,Kiss1r-Rn00576940_m1,Lepr-Rn01433205_m1,Mtnr1a-Rn01488022_m1,Mtnr1b-Rn01447987_m1,Nkx2-1-Rn01512482_m1,Npvf-Rn00576645_m1,Npy-Rn01410145_m1,Nr3c1-Rn00561369_m1,Nr5a1-Rn00584298_m1,Oxt-Rn00564446_g1,Oxtr-Rn00563503_m1,Pdyn-Rn00571351_m1,Per1-Rn01496757_m1,Per2-Rn01427704_m1,Pgr-Rn01448227_m1,Pomc-Rn00595020_m1,Slc17a6-Rn00584780_m1,Tac2-Rn00569758_m1,Tacr3-Rn00566955_m1,Trh-Rn00564880_m1,,ABV ID,Pitutary weight,Pit index,Body Weight (g),Adrenal Weight (g),Ad index,Uterus Size (mm),E2 RIA,LH,FSH,GH,TSH,PRL,BDNF,ACTH,Note
3,ABV19,Y-VEH 3mo,1,1,1,,,8.5279998779,19.8619995117,1.0361256781,0.9902048244,1.3322825135,0.7349917255,1.7628389828,1.2517964802,3.5391427976,1.4880266393,1.4086368659,0.6819319974,,1.9592479115,1.2453921445,1.153246354,0.3605073161,1.0669545037,1.8055022964,0.5974127513,0.0933762868,1.3452735842,1.162636589,1.5370888769,1.3545379712,8.5415637023,1.0601001202,1.1589348777,0.402399147,0.899191163,0.8083766986,0.3290550094,0.4567890468,1.4866851657,1.9150726843,0.2766435673,1.0676944747,3.6873886823,3.7653890331,0.7129137633,1.0364850479,1.3232623609,1.2256947646,0.9513182273,0.1396512441,1.5346400637,0.2767585076,1.7878184434,2.1500945601,,ABV19,0.0078,2.2285714286,350,0.0497,14.2,1.88,23.4116442667,54.466076616,45.15574812,8922.330816,8.486661624,7.228267536,3.538633,0.024073,
3,ABV20,Y-VEH 3mo,1,1,1,,,8.8540000916,20.267999649,1.5759267255,1.5249902111,0.5010063324,1.2507557734,2.8776667517,1.6233791899,1.8834792318,1.6706391725,2.2149891372,0.4848798496,,1.900395023,1.3924247688,1.4883365182,2.1556162486,1.3227129728,1.708109344,0.2489278319,1.4065883137,1.8828266903,1.387416825,2.0183833849,1.4437289287,1.1954056898,1.3024242827,1.4189259671,2.4857823124,1.4188289851,1.6553084096,0.2498962801,,2.2146825572,0.9300623444,2.2785248415,1.7550350391,0.0160598362,0.7844755284,1.1390255219,1.8425442005,2.0620801763,1.492364705,1.1383945844,1.6482090618,1.8351522315,1.9435575754,2.8151287822,2.1605521883,,ABV20,,,324,0.0487,15.0308641975,1.99,23.9290176889,43.955942,54.351893,3188.256,6.834597,0.994908,4.312426,0.017841,
4,ABV25,Y-VEH 3mo,1,1,1,,,8.107000351,20.4300003052,0.7454588041,0.9472385542,0.8414211193,0.5055056064,2.5881112851,0.8321994444,4.3844624925,1.3864552689,1.1497342845,0.4745726865,,1.4253342947,0.9148457309,0.7937195103,0.5238043698,0.6508961632,0.9096603871,23.2926308221,0.5381948372,0.8620845695,0.8440499735,1.3643366766,1.301161709,0.6274185154,0.8545280185,0.9296764497,0.6948142553,0.5342919966,0.6830672893,0.2749802507,0.669242308,1.1623943687,1.9177304548,0.825362586,0.7456131574,2.553720649,0.3672415078,0.534328588,0.8942189105,1.2337920869,0.7348902857,0.7770073273,0.5831345087,1.327673763,0.4342811074,1.8027524129,0.5717279841,,ABV25,0.0073,2.417218543,302,0.0441,14.6026490066,1.55,,47.779652,53.702121,5792.015,7.669143,7.26437,3.745627,,
,ABV26,Y-VEH 3mo,1,1,1,,,,,,,,,,,,,,,,,,,,,,,,,,,,,,,,,,,,,,,,,,,,,,,,,,,,,ABV26,0.0125,3.5816618911,349,0.0449,12.8653295129,1.89,17.0470644152,123.058373,113.183042,18976.14,6.848432,2.103421,4.640194,0.021853,
4,ABV27,Y-VEH 3mo,1,1,1,,,8.0629997253,20.4960002899,0.7611218342,0.9329038799,0.2119652417,0.6180519072,1.4988952306,0.9240227642,2.3414452461,0.8921755301,1.0134671762,0.1347819383,,0.5984487121,0.8836820259,1.0760166111,0.7091193037,0.8630397437,0.8428800985,0.6074334226,0.3010759146,0.7764152345,0.8226779424,0.8785519317,0.8115773551,1.3199652635,0.785781121,0.856069141,1.5365553284,0.8752094404,0.7851824462,1.586007716,0.1695284908,0.9693560521,0.8611874921,0.6835404786,0.7974684487,0.0232858974,0.3903392325,0.6934186589,1.0663637703,1.2363605771,1.0299685589,0.7494998336,1.1598186793,0.9005631289,1.3110285042,1.1456767409,2.163547779,,ABV27,0.015,5.0847457627,295,0.0528,17.8983050847,3.25,52.2044359051,8.54442164,18.6064268,25267.875,5.48540852,92.34645944,2.388834,0.026186,
8,ABV76,Y-VEH 3mo,1,1,1,,,8.2919998169,20.8670005798,0.8963905677,0.8893357611,0.8021253933,0.879526398,0.6121256503,1.0920201834,0.7654607662,1.3429444568,1.1378411649,0.1815827912,,0.9661368767,0.6541073042,1.0458674233,0.7695571128,1.1107231168,0.7638700468,1.0229962899,1.4765189075,0.8537582158,0.969558047,0.5824471527,0.9977836571,45.4591548226,1.4826723091,1.018750371,1.9114934421,0.7069595815,1.1127273113,3.0155054353,0.1377954227,0.8179585544,3.6690304409,1.361408544,1.0421038283,0.0602288563,0.819491036,0.398264647,1.0451429942,0.952704103,1.3347771921,1.161508758,0.9036892514,0.676846489,1.1334336725,0.8822131856,2.4869873937,,ABV76,,,350,,,,,31.817532,36.418733,123101.198,11.817816,0.287301,6.201909,0.039883,
10,ABV85,Y-VEH 3mo,1,1,1,,,7.6900000572,19.0739994049,1.2355900408,1.2629522953,0.9271667631,1.2726178421,1.2753553399,1.2008034957,1.4767235959,1.6625522998,1.4512544025,0.7757695919,,1.2391064942,1.5058726576,1.3657559759,1.5306032929,1.4676410618,1.7440006059,,0.8340466299,1.8061281585,1.508799495,1.578112676,1.5853480892,0.835956102,1.0929297514,1.1210111255,2.0772843385,1.2637406469,1.2329380607,1.0348345242,0.7986300384,1.2075638279,1.2687437512,1.1134992482,1.246169123,0.9636626557,0.8274818285,0.779056173,1.6617467024,1.1004547422,0.9405648364,1.2526650597,1.7506620025,1.455888261,2.1253479927,2.4287282924,1.158613544,,ABV85,,,330,0.0394,11.9393939394,1.74,39.33195158,41.453404,38.022695,2239.191,9.366858,1.19756,3.783405,0.015849,
10,ABV86,Y-VEH 3mo,1,1,1,,,8.2069997787,19.4880008698,1.9604706411,1.1661876083,2.618788356,1.2682152374,0.6159561497,1.8699498046,0.1790458049,1.9553141384,1.9457148607,1.9557192606,,1.5425312233,,2.5823774475,1.4753941652,1.2087366183,1.8730621858,63.4609835331,0.6779259899,1.389821429,1.878264977,1.3087588398,1.8223491284,1.8118954891,1.2450467567,1.261202728,1.1972297715,1.0546031845,1.6541609712,0.2196684456,0.7650354416,1.2346485818,0.9688869866,1.9387131294,1.5817255135,8.7701435109,1.2207771662,1.7493253086,2.5013382566,1.5978139647,1.2231492407,1.1502912075,1.4448299137,2.1945119372,1.4506504366,0.8197178287,3.7073809394,,ABV86,0.0092,2.8571428571,322,0.0428,13.2919254658,1.11,29.4726119792,89.068494,175.033078,1928.567,13.433342,11.845569,5.919,0.026255,
10,ABV87,Y-VEH 3mo,1,1,1,,,7.8379998207,19.4379997253,1.1657024323,0.9296758966,17.8877528997,1.1873949033,0.6610816005,1.125057912,0.3132528089,1.3864538941,1.208568756,1.6264201251,,1.2668983078,2.1743730926,1.279605341,0.7397448581,0.890383928,1.5014953264,3.1553487765,,1.268302679,1.3189591659,1.428202118,1.8072546121,,1.5159265385,1.2098265721,0.4664191644,0.4631975433,0.9606606243,,0.5504179936,0.6062980184,0.9332910525,0.9487492401,1.0341889696,4.6190646431,9.7189431141,1.6389821804,1.3781176722,0.8363037582,1.0962668519,1.3140316324,1.8972355937,1.4478370694,0.3181326309,0.7032941104,0.9668746096,,ABV87,0.0101,3.1172839506,324,0.0445,13.7345679012,1.69,21.8360977345,62.333074,89.963204,1544.47,8.89753,1.19756,7.147983,0.020266,
10,ABV88,Y-VEH 3mo,1,1,1,,,7.9770002365,19.2689990997,1.8052523941,1.1288071358,21.1106507886,0.8614261659,0.8765451632,1.3899182658,3.4067607217,1.6464963448,1.5160314602,2.0830548092,,1.375828536,2.3959526128,1.4080512876,0.8450447109,1.7758383012,1.8588379777,1.3715434195,0.6476111371,1.6945482731,1.5893109143,1.3766875286,1.5667781074,7.0885972066,1.4837007913,1.3801253984,0.2016185611,1.3422931945,0.9727229043,0.5290225445,0.4366654774,1.0098209758,2.0116777909,0.5751854493,1.3627293978,6.0611914471,40.3305006491,1.6873981943,1.0626743476,1.0845521518,1.2991791063,1.1289648899,0.2322741545,2.431591423,0.2509896499,1.0440568081,2.2460667282,,ABV88,0.0104,2.7956989247,372,,,2.31,7.1464392396,45.920321,42.807451,35317.259,12.054958,0.543056,4.037458,0.062818,
10,ABV89,Y-VEH 3mo,1,1,1,,,7.8569998741,19.5039997101,1.159255994,1.1477430196,2.8459274377,0.6288548901,1.4782604937,1.2099938893,1.078780016,0.9968171276,1.5436003094,1.8184386129,,1.3853970264,1.5173979091,1.2619890699,0.7819241359,1.2583201703,1.4533680063,0.9772505871,0.7825197056,1.2985489822,1.276682664,1.4501483303,1.4905046209,5.7737122044,1.3096672899,1.2438393938,0.761914021,0.8430551252,1.1282603908,0.0987140189,0.5320371156,1.4281029916,1.4767243768,0.9646649485,1.1912690971,4.6835427727,1.2309733171,1.1469478739,1.3404330074,0.9408913107,0.9490788061,1.0453594686,0.7764151832,2.2861191703,0.5380084122,2.2834265745,1.2556205659,,ABV89,0.0084,2.4852071006,338,0.0506,14.9704142012,1.48,19.2781720927,41.732223,47.730668,12808.422,10.042961,1.022195,4.120792,0.015849,
10,ABV90,Y-VEH 3mo,1,1,1,,,8.0959997177,19.7670001984,0.6807509806,0.9017501157,10.9654981937,0.6371917908,0.6483743656,0.945402308,2.280579003,1.4038606782,1.2590189895,0.3754515806,,0.1878039856,1.7345961007,,0.1548667813,1.7404965896,1.4293898098,4.5277674676,0.1960371211,1.0416706199,0.8792829417,1.6337632953,1.1171322638,8.7634558781,,1.0949004643,0.0127240204,0.4427915051,0.6364413051,0.016937925,,0.1408370276,1.2846718475,0.2579385832,0.8529295653,0.4099727215,,0.6871986124,0.2042913247,1.0505172859,1.2706783123,0.7541899795,0.0070649696,0.7753398206,0.0290906738,1.5370890801,2.2679656989,,ABV90,0.0088,2.492917847,353,0.0438,12.4079320113,1.45,15.132407688,53.310657,495.720737,172082.032,10.00631,0.639714,5.019254,0.04368,
3,ABV17,Y-E2 3mo,2,2,1,,,8.3780002594,20.5869998932,0.9966792226,1.122566216,0.7828999428,0.6857713471,0.9433730408,0.8968888012,2.104386898,1.0529229042,1.1417923086,0.7720149228,,1.2043880468,1.423656286,1.201386824,1.2033870722,1.659213683,0.9844571078,1.7014917607,2.5056767682,1.3066744817,1.1106469064,1.3824245167,1.6019171217,1.8270293707,1.3795518549,0.9406962209,0.1799539723,0.3381418447,0.9063251079,0.5721237415,0.2650980949,1.0512451621,0.6356918713,1.5242506655,1.0714020346,1.8981594944,2.6791952204,1.8957919984,1.0700667093,0.8944672118,0.8470979539,3.5381626815,0.9719136971,0.8060277292,0.4074514687,1.7126139247,0.4288068616,,ABV17,0.0144,6.1802575107,233,0.0615,26.3948497854,4.41,140.5133855358,1.291781,23.958849,9047.688,7.327572,80.529272,4.51249,0.012219,
3,ABV18,Y-E2 3mo,2,2,1,,,8.388999939,20.593000412,0.6955374741,1.1751138446,0.0987482112,0.2877323368,0.6376778807,0.9986145354,0.5634661714,0.9981995377,1.67400089,0.6464900723,,1.629353015,2.0231439027,0.5160915722,0.1429021424,0.5709752593,0.9878743206,28.3799399396,0.3975477836,1.3103021163,0.7266843394,2.791809781,3.1575369146,0.4561243256,3.6761591952,1.3658517679,0.0148818654,0.1005998399,0.697420317,0.0671904905,,0.213617149,0.0647220008,0.1150313923,0.7681715289,0.1796922689,0.1178317095,0.7457686272,0.0956361312,1.4192207054,1.0737065599,1.409320131,0.0456544552,1.2073966074,0.0584238034,0.478370327,0.4102003764,,ABV18,0.0185,6.8773234201,269,0.0605,22.4907063197,4.54,101.4441413599,0.94716804,16.363120368,25366.938576,12.063751392,64.863022056,3.554296,,
3,ABV23,Y-E2 3mo,2,2,1,,,7.7989997864,20.1639995575,0.8265652979,0.9226143268,0.3246370095,0.3974372154,1.6723774455,0.8882262944,1.4483400988,1.2864535464,1.3106656065,0.558140495,,1.1229552699,0.8377545841,0.8655561193,0.4472332511,1.1954055318,0.8835600646,0.7877436893,0.8730888672,0.9746116997,0.9352339023,0.9442230219,0.971846754,2.5183855539,0.8073124071,0.782845501,0.1071496287,0.6977105436,0.7495519564,1.3569799537,0.324569633,1.0317537871,0.9384812458,0.4512815358,0.8854607865,0.2506245744,0.3854989464,1.0760904452,0.2943693398,1.0928535338,1.0364131091,1.5648239297,0.2229666078,1.0791541087,0.2782973337,0.9209530423,1.2652292493,,ABV23,0.0155,5.8270676692,266,0.0572,21.5037593985,5.84,,1.764545,16.723345,31932.356,9.301597,,1.918966,,
3,ABV24,Y-E2 3mo,2,2,1,,,7.9609999657,20.4720001221,0.7738902617,0.8650171367,0.092327212,0.6358682603,1.7253632009,0.9639302398,2.3708434142,1.9634617538,1.0802010446,0.8524574986,,1.1481407992,0.8583268007,1.0865087642,0.4617232599,1.0573841464,0.7985196043,0.8132670461,1.2018029568,1.2293536192,0.8915578517,1.002916077,0.9752198719,0.7518408517,1.1220981496,0.9772507163,0.1100857581,0.5786246163,1.0483345313,0.6463561108,0.134866062,1.0210820977,1.2564913835,0.8000152431,0.8588625797,0.5121362013,0.2594986971,1.1923432211,0.4241655243,1.3832862558,2.6566356887,2.0307312325,0.3882075916,0.9813906212,0.23304814,1.2177355057,0.7670540376,,ABV24,,,237,,,5,,14.622221,33.333009,50000,19.758487,,2.465356,0.040131,
8,ABV71,Y-E2 3mo,2,2,1,,,8.763999939,21.5240001678,0.4266722616,0.5508762306,1.0896759189,0.4200982845,1.1858324668,0.691115947,2.0525262527,1.2486767898,0.8051338438,0.5196821798,,1.3061304263,1.5546607304,0.3100773977,0.450969071,0.6056260738,0.6719378295,1.3715443261,1.3747784955,0.7845295649,0.7312312294,1.231314231,1.097179812,0.1366444432,0.8755124193,0.6633302372,0.0928277481,0.3135351954,0.4432212821,6.3220858621,0.1685910946,0.6242086522,0.0219049433,0.7165302283,0.6322207367,0.2079921071,2.504980869,0.8980076633,0.3402579702,0.8688028176,0.7602788552,1.272794937,0.4944510939,0.3395979673,0.1928698665,0.489438927,0.4980627771,,ABV71,0.0119,4.6124031008,258,0.0538,20.8527131783,5.75,96.5713452399,0.488024,11.732597,7996.204,4.263976,54.805206,1.840762,0.00725,
8,ABV72,Y-E2 3mo,2,2,1,,,8.2559995651,20.3519992828,1.0063974304,1.0117129202,7.5313037741,0.9518447256,0.3037379533,1.0475354748,0.6975654613,1.4224706314,1.2625143213,0.8003482168,,1.3308060669,1.2964797703,0.583457702,0.5445357988,0.9346509752,1.0646654558,0.3219259302,3.0423793508,1.1940801419,0.9417397404,0.4867319,1.0117131877,43.4263840701,2.2834258198,1.445730649,0.079753913,0.6065506058,0.837464118,14.7168758461,0.9969537337,1.285294643,1.828168135,2.313534327,1.2196771049,2.0742654425,11.2729930669,1.3193240983,1.1318628539,1.3426655593,1.5503559623,1.8583195132,0.6929870039,0.6036987028,0.2200188816,0.4042166717,3.302133936,,ABV72,0.0153,5.5434782609,276,0.0598,21.6666666667,5.69,80.4399542494,0.346159,10.958752,13546.245,4.745624,47.009373,2.873967,0.020266,
,ABV75,Y-E2 3mo,2,2,1,,,,,,,,,,,,,,,,,,,,,,,,,,,,,,,,,,,,,,,,,,,,,,,,,,,,,ABV75,0.0119,4.837398374,246,0.0543,22.0731707317,5.59,133.9668935264,0.475249,23.752696,18818.178,4.153512,6.703576,3.212429,0.024005,
9,ABV79,Y-E2 3mo,2,2,1,,,8.0570001602,20.2140007019,1.1174429055,0.923894136,34.4850542694,0.8740568117,0.6275924843,1.2201007829,0.4614991332,1.130060523,1.105194523,1.0872616499,,1.1730782362,1.618434961,1.4257287534,0.8351454478,1.4912265119,1.0205871253,4.8493816467,1.5467073152,1.101066035,1.2643532116,0.8346255675,1.03871543,4.9812208493,1.4075634606,0.8980081382,0.1713121944,0.9630614362,0.587271753,0.9548859878,0.2906994987,0.6377661549,1.4333598364,0.8907543962,0.9872579304,2.7809944442,44.2866399652,2.3665730009,1.1636845885,1.1737293277,1.0962672142,1.9534158105,0.6193812201,1.1630392228,0.2638336125,0.795646784,2.7064465362,,ABV79,0.0132,4.9253731343,268,0.0532,19.8507462687,4.05,76.0979736987,1.170369,17.532774,12396.707,2.011293,23.534057,4.370714,0.012215,
9,ABV80,Y-E2 3mo,2,2,1,,,7.9660000801,19.8859996796,0.919039738,0.8155247582,,0.7324485471,0.7012007047,0.8438159467,2.7064456417,1.0312539142,1.2434081301,1.0752706592,,1.4243458006,1.3237217587,0.7645595587,0.5091279279,1.3952272993,1.2028029318,20.5462116251,2.5091517012,1.0540189412,0.9582004911,0.9403042358,1.04811751,27.1052262391,1.1600605929,1.0329708998,0.0483513648,0.5702635201,0.7621247786,0.5345504857,0.1195427479,0.4747040551,0.286458967,1.1950731379,1.0306115471,2.582198726,69.1088879903,2.6331691204,0.8979462262,0.9279381009,0.8739358899,1.4640858411,0.9329686956,1.0547495225,0.1119324533,0.5326282932,0.8119146043,,ABV80,0.0121,4.7450980392,255,0.0532,20.862745098,4.05,,0.449632,19.403392,7720.675,4.890233,72.530988,3.835094,0.026255,
4,ABV31,MA-VEH 3mo,3,1,2,1,,7.9829998016,20.6469993591,1.1811564671,0.8949003669,0.1027990608,0.8059707201,1.2336211528,0.9447469673,1.983984684,1.0044453081,0.8329491476,0.5508377049,,0.838161162,1.3384842621,0.9067021489,0.7594881175,0.7414899483,0.7181715121,3.4817222327,0.7532492099,0.984798687,0.960861633,0.7321438222,1.0805760587,1.8244973022,0.8311603775,0.7888370377,1.1532458966,1.0917938298,0.730066751,0.545026931,0.7784083343,0.7032449718,1.3721138149,0.5763832429,0.7591727955,0.4105414172,0.1788471484,0.839033366,0.6327464492,0.8005696059,0.7676925281,0.9068901287,0.7515285556,0.9401087706,0.8758163135,1.2997185478,0.8817239206,,ABV31,0.0092,2.2828784119,403,0.0499,12.382133995,2.2,19.5417897333,37.387427,33.285013,2452.613,4.766868,3.292372,3.578527,,
4,ABV32,MA-VEH 3mo,3,1,2,1,,8.5209999084,20.2490005493,0.8140557102,1.2326804606,0.0772082531,0.7349917255,2.2656110658,1.0762398359,1.5437075547,1.5970391031,1.2801379245,0.6739435157,,1.3578278963,1.356227568,1.4466344322,0.6547883251,1.1348482228,1.374016423,6.2281336592,0.4538225389,1.4700852901,0.9790137489,1.4663198077,0.9840478634,0.4203022216,1.4095159695,1.1413965776,0.873996031,0.8331794445,1.0105215899,,1.2786315278,1.3919427238,1.6810928663,0.5799896935,1.2820911305,0.072323014,0.1429714577,0.6693347747,0.4306832456,1.2295242058,0.9866429684,0.8913105348,0.3839259455,1.1257604115,0.5033732446,1.6750456022,1.8665829688,,ABV32,0.0154,4.4637681159,345,0.0511,14.8115942029,3.15,21.3826891946,28.718981,40.535198,4525.692,5.453974,3.12524,3.263444,0.010003,
4,ABV33,MA-VEH 3mo,3,1,2,1,,7.7750000954,20.3199996948,0.9680811625,0.9073932983,0.556672122,0.8783089194,1.3593333335,0.9113014818,1.2003049497,1.2486772025,1.0967997606,0.6928913155,,0.9850711632,0.7529368265,0.7524669275,0.8645971885,0.6823106241,0.7799212092,0.9061364665,0.7336681339,1.0308963582,0.9313536549,0.9987527082,1.0110122153,0.8052447135,0.5836595668,1.0372762237,1.2472058485,0.6082343314,0.9653343609,0.5074716944,2.0556583593,1.388089522,1.5576804367,1.7220169465,0.950329739,2.0259515223,2.0164258253,0.9991682001,1.3357971216,0.8427055538,1.0179033447,0.7599619489,0.9323213574,1.0209410382,0.8577921497,1.3151249885,0.8683809741,,ABV33,0.0147,3.3870967742,434,0.043,9.9078341014,2.2,16.9087733268,18.230465,24.714533,1125.308,5.781187,2.371135,2.93103,0.007467,
4,ABV34,MA-VEH 3mo,3,1,2,1,,8.3170003891,20.3560009003,1.0433333573,0.961128058,0.1350814007,0.3873740383,2.253082035,1.0519015025,,1.0900542944,0.9661372599,0.7163317953,,1.2195094161,1.3127565047,1.7191554365,0.2245487867,1.2522308188,1.1075711483,1.6734193747,0.2537008782,1.4408294514,1.0377087707,1.4898835324,1.149335801,1.4235569104,0.7637646213,1.1541253597,0.0153427485,0.832602996,0.7145471411,,,1.0703622824,1.7247664657,0.1470216558,0.8854602012,2.7237611098,0.1491461805,0.753041305,0.6044522919,0.8694054782,1.2282472098,0.7479432717,0.0041863246,1.6828431286,0.0490603126,1.6519853223,0.75231031,,ABV34,0.0025,0.6756756757,370,0.0422,11.4054054054,2.34,18.5791230572,383.42724,122.285293,50000,,,2.308983,1.712261,
7,ABV67,MA-VEH 3mo,3,1,2,1,,8.2019996643,19.9850006104,1.2598050526,1.0686574585,1.7911672901,0.7478389568,0.9182117591,1.1126500809,0.8780653938,1.0728141955,1.4322664557,0.9867105393,,1.1098004279,1.4030817427,1.9168009562,0.4201857692,1.0825987051,1.3226202937,9.5652281951,0.2679805015,1.4741665914,1.1160488699,0.9707693603,1.6423923436,21.8793892081,1.2853848765,1.1179064436,0.4644837032,1.0963428726,0.9234457263,0.1311601194,,0.4204769606,0.5825283203,0.4850144881,0.8978204563,3.4643851858,0.9023756308,1.4771333506,0.9231899909,0.8718185753,1.0993114356,0.8339306921,0.3237382363,1.3898225315,0.4568204511,1.2118401512,0.4513752757,,ABV67,0.0085,2.3035230352,369,0.0425,11.5176151762,2.21,17.6778415626,19.666692,37.043064,4436.537,4.299807,0.872431,2.092096,,
7,ABV68,MA-VEH 3mo,3,1,2,1,,8.4779996872,20.8090000153,1.1951563265,1.1816469036,19.8614604414,1.6333108474,0.7737288782,0.7027088085,0.3397158433,1.0398671328,0.9001884027,0.7493441803,,0.8695253708,1.7430328277,0.7128643767,1.0303245672,0.9750165041,0.9046298842,1.317495307,1.4046398604,1.1915994876,1.1410806346,1.3483550672,1.6769044046,0.9662712584,1.6657824509,1.6641665366,1.2291833812,0.6550604643,0.9013130493,0.2751709957,1.1855844735,0.9343921367,1.2687433319,2.7190453504,1.1332767922,2.6328044855,22.0208800085,1.4648977721,1.1421084486,0.9369857328,1.0699917325,1.4024995863,1.7812619755,0.731992354,0.9785375521,0.4753954444,2.2616867264,,ABV68,0.0094,2.1412300683,439,0.0516,11.7539863326,2.61,20.9528810013,100.786962,53.140828,50000,42.224464,15.034656,3.643974,0.339931,
9,ABV77,MA-VEH 3mo,3,1,2,1,,8.017999649,20.061000824,1.275621352,1.110184764,,1.2524899377,0.9631944988,0.9526373494,0.5134871667,1.7610066839,1.0869602606,3.1925275463,,1.2468600401,1.8095107039,1.1540455611,1.2728832833,1.2496285327,1.104504054,14.2787759994,0.7532492099,1.2057247187,1.2452187801,0.8208553386,1.3083963974,4.7485929248,0.8889652365,1.1791923907,1.2654925637,1.1248243387,1.0112218878,0.3385402204,0.7958677143,0.8669972264,1.1339841987,0.7786778027,0.9602613358,1.4606383898,18.0734424499,1.4003607219,1.3256490108,0.7215139185,0.7262814249,1.0352646843,1.7849690005,1.0554801219,1.0060479606,0.9843205873,2.4680977175,,ABV77,,,348,0.0412,11.8390804598,1.98,16.4375909741,70.019807,55.744795,50000,17.378392,5.267904,4.05177,0.115277,
9,ABV78,MA-VEH 3mo,3,1,2,1,,8.1459999084,20.6359996796,1.1058845464,1.0896005765,1.6700603705,0.9820028938,0.5325170102,0.8258774608,0.2230438235,0.9715772293,1.0727397353,2.309691255,,0.9995144212,1.9259894418,0.7634997081,0.8963285894,1.4029845453,0.8102281516,1.134297577,0.8498021778,1.3369084996,1.0456502215,0.6216613668,1.3165848213,3.886578157,0.6071814711,0.933550018,0.6249009251,0.8279986273,1.0928528114,0.4837724259,0.5146276392,0.8688021284,,0.5872712095,0.9230622108,3.5568483159,2.2812101492,1.6897388773,1.2584954419,0.8173916642,1.0648134013,1.0076538363,0.6633763675,1.0110827251,0.6702171683,0.4901175307,1.4067837726,,ABV78,0.0071,1.8251928021,389,0.0472,12.1336760925,1.9,23.5572966647,65.146867,48.080942,50000,15.052169,18.391396,3.64331,0.169709,
9,ABV83,MA-VEH 3mo,3,1,2,1,,8.0010004044,19.6040000916,1.3643381196,1.2585831284,2.131546446,1.220776682,0.3120611273,1.4379363675,0.9410868142,1.1308436622,1.5118342539,0.6240357038,,1.3262025991,1.807004109,1.9775301019,1.009121648,1.8081311089,1.4983765246,1.1032801793,0.857495133,1.4298857683,,1.1762542642,1.3696436926,,1.9348203302,1.4567975274,0.5339213499,1.274296479,1.3333917607,1.0968765434,0.8547652987,0.8374651145,1.5598427277,1.6347850574,1.4544773996,0.8571388941,1.6254058476,2.1837386479,2.4651924167,1.0763145391,1.3837659433,1.0224292186,1.0373487023,1.3341304196,0.8395571018,1.4183381743,2.5890103147,,ABV83,0.0066,1.5242494226,433,0.0484,11.1778290993,2.48,,66.549563,95.234567,50000,13.601685,5.865591,3.735229,0.117991,
9,ABV84,MA-VEH 3mo,3,1,2,1,,7.5180001259,19.7099990845,1.5117290231,1.0612758847,4.816217715,1.468963992,0.5079995762,1.2780987262,0.210866264,1.2331949809,1.1323340953,1.6298059826,,1.0945214919,2.22006235,1.4277069322,1.0570906199,1.4275083775,0.996126542,0.2350112376,1.0952047069,1.1502123583,1.3098482417,1.4431282855,1.5292248512,46.0618496773,1.8950032806,1.7836094133,0.6809875874,1.0300393013,1.2000544058,,1.0947489899,0.9272947436,0.7107427194,2.0592238498,1.228160419,3.9138824219,4.0552750166,1.5292240425,1.5710184927,1.0360552025,1.0045849517,1.3976476574,2.3052112687,1.1234220601,0.8518668113,0.8468625223,0.700958048,,ABV84,,,404,0.0472,11.6831683168,2.12,23.8879536901,33.966699,39.888109,4918.367,9.598961,2.829296,5.02433,0.035793,
3,ABV21,MA-E2 3mo,4,2,2,1,,8.4809999466,19.9449996948,1.2934279179,1.1109548635,0.1607510872,0.6376333688,1.6933722908,1.3622587136,3.1153643743,1.2582344151,1.3748735571,1.1421089016,,1.4613488104,1.0662901807,1.3819442893,0.8134351708,1.9032943519,1.649924651,,0.6431376582,1.3888589408,1.1578117091,1.5211898765,1.1295911985,1.6870457545,1.6474095432,1.1280264509,0.22309039,0.7656199696,0.8815416234,0.6865318955,1.9326766571,1.4611461566,1.4433279633,0.6466691583,1.2530976288,1.2350756643,0.431311005,1.3686944542,0.7410789227,1.7643039086,1.1733220623,2.306969371,0.3687973909,1.2833368959,0.3930266747,1.8304516652,1.379743192,,ABV21,0.014,4.1420118343,338,0.0609,18.0177514793,2.87,59.6799431171,1.656753504,12.500206152,15880.57464,2.886875376,74.76298284,1.942777,0.008787,
3,ABV22,MA-E2 3mo,4,2,2,1,,8.4239997864,19.9379997253,1.8547171132,1.215711006,0.5953869005,0.6028197995,2.0575111917,1.2491959225,2.0158659386,,1.2590181573,3.1030793934,,1.7743619215,2.7522264611,1.4247404567,0.6224805004,1.149893595,1.5937219497,2.0788702581,1.5148748165,1.2099099879,1.3253738804,1.622478883,1.8866143811,2.5096740617,0.8061946238,1.1264623815,0.0536863456,0.6353838438,1.2075643867,1.8952652313,0.2614486738,1.1942452813,1.563088952,0.3231104478,1.0464472174,,0.8110140295,4.6712199304,1.8451013147,1.6587533098,1.7012549051,2.1465201443,0.0628867267,2.5155949905,0.037206516,1.2818262264,0.5914797157,,ABV22,0.0078,2.6351351351,296,0.0501,16.9256756757,4.45,56.5500773935,1.269031008,16.363120368,6435.644712,3.126383064,34.952888544,2.435617,0.008787,
8,ABV69,MA-E2 3mo,4,2,2,1,,9.4989995956,22.3479995728,0.4698262456,0.5474497255,0.0721877479,0.5859296229,1.5020146157,0.504525871,,0.8588035936,0.9455986863,0.1722646065,,1.1657838846,0.3968312662,1.1693446712,0.3394096752,1.050807459,0.6317387232,1.359239616,0.2734218078,0.6768459521,0.5669918745,0.6821678873,0.7656728085,1.6488956065,0.4254908864,0.5679355869,0.0703502499,0.4318793229,0.4222298033,0.1122196935,1.2549233011,1.0563589058,0.2076751036,0.3014728273,0.6094162231,0.1721336338,0.4286284909,0.5746675966,0.1977430591,0.738207921,0.7602783526,0.9930919768,0.176764385,0.6070553739,0.2845392408,0.6418021591,0.4901855076,,ABV69,0.0102,3.4459459459,296,0.0512,17.2972972973,4.96,,0.752415,14.129307,4968.437,7.707236,76.803793,2.670688,0.02515,
8,ABV70,MA-E2 3mo,4,2,2,1,,8.3249998093,20.9349994659,0.7967506801,0.8980073071,0.504840469,0.6546515623,0.2954324261,0.945402308,0.4956523529,0.9313522389,1.1410008329,1.0971035156,,1.058704835,1.0328270372,0.9765054536,0.7944888506,1.1153517672,0.7455619984,1.498790405,1.7841038496,0.6506259261,0.8853989787,0.4901174659,0.9943328236,3.9572564199,0.8957695566,0.7365213336,0.1580769176,0.7545563012,0.5720051519,2.6287900553,0.94973621,0.8168254908,1.0521933099,1.396775125,0.8535217794,2.4092767613,1.5765810774,1.6653200349,1.0641491452,0.6873421746,0.7794891379,1.9656410022,0.8437565438,0.6306451348,0.2865184132,0.4510001349,1.2687426609,,ABV70,0.0133,4.0181268882,331,0.0606,18.3081570997,4.75,91.8255371599,1.097249,16.498114,19712.21,2.283399,97.894003,5.62129,0.026255,
8,ABV73,MA-E2 3mo,4,2,2,1,,8.1960000992,20.9190006256,1.0763895321,0.7324490797,2.9812135955,0.6528391278,0.5158061722,0.7684378599,1.3702123922,0.9851396034,0.9235740479,1.3896285106,,1.0550412134,1.0129764977,0.8794667484,0.5077185505,1.0327568542,0.6893933859,3.7653895309,1.866324859,0.9011877015,0.8683808019,0.6299026928,0.9452715784,,1.3160368136,0.9162414611,0.0667865084,0.6833519947,0.699356057,0.4932535289,0.5600391677,0.5676604661,1.4028888384,0.7759847465,0.8102837478,4.4803163032,6.7169159083,2.2126868723,1.2181569793,0.6194676166,0.8053008727,1.4319678722,0.4310421138,0.8980704701,0.146167968,0.4444829121,1.9324081305,,ABV73,0.0163,4.710982659,346,0.0602,17.3988439306,4.83,82.7551002608,0.500779,15.648238,12338.284,4.740915,,4.443259,0.00725,
8,ABV74,MA-E2 3mo,4,2,2,1,,7.9879999161,20.2609996796,0.5021533398,0.670263423,8.0439212101,0.8194901693,0.5452156798,0.852634965,0.1500379699,0.5503418458,0.84282182,0.8014589537,,0.716630176,1.5237217748,0.3085763394,0.8766659244,0.8244476942,0.9417396159,0.5200780759,3.0423793508,0.6925069089,1.1175970028,1.6715655403,1.9036907096,1.5089027265,1.1252144727,0.8401971243,0.214299399,0.3935719678,0.7096103527,0.3070188957,0.5481343318,0.5779831122,0.0058937367,2.7627385189,0.8108463517,0.9308369526,7.4065398815,1.3442481074,0.795371233,0.9013124535,0.806418483,1.9507111629,1.5250946512,0.2741240224,0.4097172415,0.3436947148,0.1792940507,,ABV74,0.0095,2.7696793003,343,0.0561,16.3556851312,5.01,36.9653012821,4.992405,24.303758,10556.522,3.967318,3.217206,2.673181,0.02937,
9,ABV81,MA-E2 3mo,4,2,2,1,,7.3429999352,19.3759994507,1.3297906515,0.8596372122,0.7731925905,0.7213638388,0.5201142784,0.9579351308,0.7368278805,2.5392453262,1.1028988897,1.8451014367,,1.0463029995,1.3375568842,1.6163053394,0.741284358,1.5905219735,1.1121877665,0.5478304516,1.1976441478,0.9766403091,1.1691022126,0.7220646687,1.162958116,27.1993309255,2.1423577854,0.9984767777,0.1241107579,0.9334859024,0.9240865964,3.4807545671,1.2884171552,0.9993754824,2.1396879739,1.9120223181,1.0421048616,3.0686404798,3.0626914366,4.1635104241,1.246341631,1.0203757807,1.0436231328,2.9834872606,0.7872527443,1.289579215,0.2529106919,0.9761674607,1.5479947836,,ABV81,0.0106,3.4640522876,306,0.0534,17.4509803922,3.64,78.6916251023,0.449632,13.269996,4983.461,2.56097,55.687681,2.824153,0.018889,
9,ABV82,MA-E2 3mo,4,2,2,1,,7.1279997826,19.1280002594,1.3224376649,0.8454548827,0.4805967819,0.6551054565,0.7551832904,1.0274012261,1.469575874,0.794654249,1.1276349692,0.6292477625,,1.0311819296,1.1349264689,1.2593673376,0.8718187482,1.3227125356,1.1379202191,2.9665741153,1.045505146,0.8980694609,1.0908106464,0.8433474189,1.0194567086,29.4766442752,1.6785321327,0.8955210714,0.1085701405,1.1964001045,1.0396515208,2.6654883237,0.9477634838,0.9056970346,0.7429821472,0.9890388861,1.0277575699,0.5174892306,1.2832470606,1.4467332191,0.7688100348,0.7711585028,1.1579720623,1.945308596,0.6886772385,1.2422017814,0.3393156132,1.2791628604,1.2661073167,,ABV82,0.0216,5.3598014888,403,0.0638,15.8312655087,4.34,74.3407536666,1.170369,14.605131,15454.464,5.144075,99.396931,5.126922,0.026255,
10,ABV91,MA-E2 3mo,4,2,2,1,,7.8839998245,19.9899997711,0.9946080035,0.8401974576,6.4169989046,,0.5884124056,0.8241622778,1.267864023,1.4175500815,0.9306426557,1.1047346493,,1.0772103847,1.4236553449,1.2403087711,0.3652865391,1.11767369,1.0573111066,0.8710331964,1.2270539478,0.8993155197,0.9456648216,0.6603028463,0.8372901967,49.0948561687,1.5890882042,1.0656991106,0.0282755486,0.6828778525,0.7295606781,0.4488793676,0.1027066171,0.3831812393,1.097636686,0.9088404377,0.8922371032,3.5519212503,,2.2733169802,1.199722464,0.7240188908,0.894157437,1.2869890652,0.4759560893,0.8275397574,0.0718284639,0.7485656071,2.2695404142,,ABV91,0.0113,3.7666666667,300,0.0538,17.9333333333,2.78,36.108300248,0.500779,14.605131,1596.788,1.363872,34.329675,2.143811,0.015849,
2,ABV13,MA-VEH 6mo,5,1,3,2,,8.359000206,20.6959991455,0.7717474541,0.8905694077,0.2401322161,0.5936976479,1.2285016907,0.8128155343,1.390303107,0.8347405535,0.9261381059,0.4539800627,,0.9857541497,0.787089927,1.2619903213,0.547185035,0.928839195,0.9008763139,0.4818985696,0.4193424539,1.0068853214,0.8805032255,0.9299333672,0.8602340267,2.8530409004,0.9680818664,0.8856447138,0.8188662451,0.8291471899,0.9069537965,0.4048332024,0.6706350835,0.741285093,1.0877900373,0.4219372864,0.8406053322,0.793113634,0.3172736555,1.1233446071,0.5002425436,1.0374920289,0.7838232349,0.7743190248,0.4591063651,1.0606144663,0.7545566005,0.983638269,0.7043675999,,ABV13,0.0098,2.4936386768,393,0.0718,18.2697201018,1.8,22.5074373636,27.120505,240.092657,2262.556,7.073937,2.378143,2.527212,0.010003,
2,ABV14,MA-VEH 6mo,5,1,3,2,,7.9759998322,20.3810005188,0.6512118831,0.6367503503,0.6806099647,1.0408764363,0.894343289,0.7505391092,0.5693549671,0.6481497329,0.6760958657,0.9664051478,,0.7622311366,0.9484216066,0.7064698998,1.0607610074,0.9166855242,0.8593985228,0.0544019099,0.9748140164,0.5900464444,0.8012917682,0.6356041363,0.7437033408,0.2712131466,0.7170767477,0.6049130861,1.1047346493,0.8843562709,0.803349046,0.5282897247,1.7345954127,0.7922897936,0.465354057,1.0274726073,0.8046871134,2.0800227146,0.5994867864,1.1063441675,1.015155353,1.0585581581,0.6871041321,1.0139587626,0.9978537061,0.7391297094,1.5333625874,0.8078729479,0.7815440627,,ABV14,0.0108,2.9834254144,362,0.0528,14.5856353591,2,13.9711211468,26.517783,41.41222,9729.125,5.626301,1.681451,5.409316,0.015176,
2,ABV15,MA-VEH 6mo,5,1,3,2,,7.998000145,20.2439994812,0.7989626468,0.8082091386,1.7027884146,0.9492107525,1.7543052292,1.004167672,0.873209614,1.033401105,0.8563665129,0.5726398318,,0.9534964339,0.5722031679,0.8560099507,0.8724226359,0.7649832534,0.9595304883,1.5060802205,1.1528465007,1.1210884175,0.8358994627,1.1128044,0.80708926,0.4821319341,0.738259649,0.9617937445,1.6040276795,0.8661566423,0.9343922603,1.891329143,1.022144855,1.1196902782,0.3042651014,1.1632005307,0.9595969637,0.3932722672,1.6873986404,0.8704302129,0.8154676704,1.4959895837,1.0729622804,0.9965404802,1.3424800739,0.9854806377,1.4109832942,1.7055066682,0.4672930522,,ABV15,0.008,2.1739130435,368,0.0413,11.222826087,1.4,15.2741463386,21.402576,31.368768,739.236,5.72431,3.796126,2.223602,0.010003,
2,ABV16,MA-VEH 6mo,5,1,3,2,,8.111000061,20.8460006714,1.3069464215,1.0251251353,1.3406186531,0.8825805458,1.5187669952,1.0740039903,1.0198803416,0.8720002453,1.057238002,0.5051204026,,1.0085620012,0.7257782639,0.7163320794,1.0112217542,1.0617915733,0.6836829151,,0.9534302552,1.2065602937,0.934586228,1.0944460315,0.9826840777,0.4637757161,1.2126815674,1.197313031,1.9301329019,1.1997219882,0.9324504809,,0.5682503564,1.0168456697,0.4279162586,1.2597177805,1.040660959,0.0498797939,1.3696424251,0.3703085548,0.8251342315,1.5595183732,1.4099064233,0.7610163856,1.3602772486,0.9106067536,1.4306793952,1.3087590129,1.2713847511,,ABV16,0.0097,2.5729442971,377,0.0515,13.6604774536,1.43,18.2575057933,25.928373,29.936128,4539.723,4.189047,2.469073,3.294357,,
,ABV49,MA-VEH 6mo,5,1,3,2,,,,,,,,,,,,,,,,,,,,,,,,,,,,,,,,,,,,,,,,,,,,,,,,,,,,ABV49,,,353,,,,,47.528641,71.546947,1248.682,8.151555,6.470663,5.824241,0.04441,
7,ABV61,MA-VEH 6mo,5,1,3,2,,8.4370002747,20.4699993134,1.0593655526,1.2594561672,0.2343765395,0.7614390731,1.076911924,1.0695476379,0.5163422458,1.1006844192,1.3372793707,1.5291190164,,1.4223732191,1.9259894418,1.6006970685,0.5374120802,1.2856515358,1.1121881341,2.1122762578,0.8871187983,1.1883012724,1.3588635529,2.1084750656,1.847789982,1.7260819975,1.6762064196,1.4608429045,0.232081018,0.7741581148,1.0007628958,0.5769020314,1.0924743311,0.7944893758,3.3136001297,0.3901499371,0.8860744165,4.3668739413,0.1346980183,1.4894701424,1.4506504366,0.9931610399,1.2601545344,1.2192548636,0.2649698506,1.4916405867,0.2712509777,0.4983391501,0.9783349799,,ABV61,0.0095,1.8304431599,519,0.0517,9.9614643545,1.71,29.0816813282,3.820067,63.679825,7544.223,12.442212,3.346924,5.257379,0.045132,
7,ABV62,MA-VEH 6mo,5,1,3,2,,8.2600002289,20.6210002899,0.9241506773,1.1509298036,0.6083188112,0.9206984841,0.522281547,0.9579354475,0.6191670414,0.9410876851,1.0513920767,1.2813811144,,0.8220509392,1.0031934333,1.0465922161,1.2092401052,0.8714566163,0.8860130344,0.6716588564,0.8694650201,0.7578060086,1.0262625836,0.8363625258,0.9637959925,1.8435675956,0.8688625479,0.8554762905,1.0567987816,1.3695482684,0.895087675,2.5854218798,1.0545304065,1.136108468,3.0831379108,1.0763142545,0.9790814446,1.2645295743,0.6510315391,0.6564695492,0.8372327475,0.6453258994,0.9825478031,1.0702886998,1.0911881897,0.9074568215,0.957072743,1.2143629421,1.9580259446,,ABV62,0.01,2.8328611898,353,0.046,13.0311614731,3.06,14.4115554166,26.537407,39.089401,5463.623,9.725164,1.709427,2.855662,0.00725,
7,ABV63,MA-VEH 6mo,5,1,3,2,,8.3509998322,19.9920005798,1.4144099406,1.2199309392,4.3436262331,1.9721915758,0.5656177924,1.2570138482,0.5450273634,1.2713834064,1.0690275463,2.2668667456,,1.0572382815,1.9610126793,1.0144511239,0.8628007369,1.255706475,1.459424058,0.7598561085,0.8006260213,1.13437631,1.3125746306,1.0008315661,1.2966590714,,1.3297916184,1.2647032864,0.3631658225,0.8985684493,1.403568202,0.4360002379,0.9969557108,0.8485662155,3.6690304409,1.3756366506,1.1467091495,,3.2847881615,1.4679464043,,0.9760993858,1.0871864744,0.9903432084,1.2251002006,1.5293294802,0.3741526861,0.5922180521,2.2320959693,,ABV63,0.0096,2.2222222222,432,0.0462,10.6944444444,1.8,11.5493030006,54.820811,105.635308,10045.288,20.23432,4.996995,9.776073,0.010001,
7,ABV64,MA-VEH 6mo,5,1,3,2,,8.1510000229,19.986000061,0.9390017569,1.068658165,2.0277783832,0.8893359962,1.1598189859,1.0153667573,1.2357606759,1.0991582611,0.992610507,1.7395336307,,0.9554814088,0.8159770198,1.3146701385,1.7765768341,1.2539670282,1.2757979371,0.9874648306,2.3056930014,1.1383146696,1.0058391614,0.9870531615,0.8332374969,0.1248701449,0.759014431,0.9309660551,2.1282977276,1.1279478603,1.2870785669,0.3516958967,0.7167791287,1.3804128071,0.2507635455,1.4251355047,1.1562870532,0.3013683007,2.7468915627,2.1852519928,1.0074441711,0.7479947919,0.7821948731,1.6888017681,1.8250039176,0.8099475508,1.9035600912,1.8077560811,0.890939423,,ABV64,0.0112,2.7791563275,403,0.0436,10.8188585608,2,16.6445836233,26.12307,43.953675,1172.307,6.303319,1.675207,3.761975,0.015849,
7,ABV65,MA-VEH 6mo,5,1,3,2,,7.9400000572,20.1809997559,0.8509817165,0.8121393002,0.6862949955,0.6967919068,0.8795880866,0.7356030413,1.5098439051,0.8792827673,0.7782471404,0.9942633504,,0.8921135484,0.6388726407,0.6384739278,0.9208899136,0.4963741871,0.962861495,0.2611229421,0.9299335516,0.6882001293,0.6865323039,0.5234774351,0.6697987608,0.6052065417,0.7057358266,0.8087691792,1.0663631359,0.8103963981,0.6250748156,3.2386666899,0.7083826649,0.8586242757,1.2044712468,0.7637116616,0.7969159172,0.5612048635,0.9651329908,0.6987264568,0.6781608079,0.6802323716,0.6795254264,0.4843092374,0.8315640299,0.6447896075,0.9041908841,0.6378107182,0.8040744065,,ABV65,0.0092,2.0720720721,444,0.0571,12.8603603604,3.15,9.8948267626,17.087177,43.160358,3225.228,8.377737,2.980375,3.907884,0.012215,
7,ABV66,MA-VEH 6mo,5,1,3,2,,8.1190004349,20.1490001678,1.7221368153,1.3868386012,3.1099697939,2.2544875447,1.0525583917,1.580082091,,1.611496527,1.5191875121,1.0257644896,,1.3133953463,1.6330849944,1.2822696283,2.1288875746,1.6511837536,1.1145027343,2.871491477,1.6808617393,1.5549844858,1.4353475595,1.5233010097,1.5292253566,0.6937556465,1.551000722,1.362069441,1.7662638629,1.5070211329,1.5573570466,0.5709355545,,1.6472971624,1.3401557831,2.5037677309,,3.4072318714,2.9789430416,1.1390262749,1.4100052188,1.2261193982,1.7154669277,1.5888695165,2.2236032693,1.3148514339,2.5609864322,1.3643368569,0.9981999336,,ABV66,0.0103,2.5944584383,397,0.0391,9.8488664987,1.46,20.8823670421,18.664584,23.243279,2385.758,4.208703,5.392662,3.508161,0.024619,
2,ABV09,MA-E2 6mo,6,2,3,2,,8.1459999084,20.9950008392,0.8773347001,0.8320830483,0.5455940948,0.5369273839,1.1242014162,0.7149922257,0.7837148484,0.681317678,0.8725439827,1.0857555386,,0.855773117,0.8715158378,0.6943333534,0.3890693253,0.6908765062,0.6317383056,0.0939346487,0.5641690167,0.6796674305,0.9582014412,0.929289978,1.1256830205,21.1487541402,0.5282158351,0.7758227724,0.0744130615,0.4899479211,0.6685463424,0.234132897,0.5573280657,0.9253680196,0.826106567,0.3448639351,0.7991286067,3.3048858864,0.3552234654,1.1629578854,0.8442251873,0.7474762915,0.7997386551,1.3707831403,0.0940714425,0.999930891,0.1158796432,1.1935012292,0.9365323311,,ABV09,0.0101,4.0079365079,252,0.0429,17.0238095238,3.1,55.8877229235,1.031382,17.098,4025.748,1.484927,14.058066,2.114973,0.002044,
2,ABV10,MA-E2 6mo,6,2,3,2,,8.876999855,21.3349990845,1.0084925338,0.7893845417,1.6042497262,0.5380455071,0.7667879328,0.7159840308,0.5442723732,0.718171702,0.8475080579,1.181565827,,0.9898626787,1.1660258862,1.0415271292,0.4623638945,1.1246685014,0.8284006896,0.152280252,1.2043044545,0.7578055077,0.9837748249,0.7331603885,1.0208711905,5.3498558427,0.8492138918,0.9011252724,0.0777884524,0.4489727866,0.6351191234,0.3281437878,0.7098561924,0.5296458028,0.9865057535,0.5227157723,0.7544516625,4.2651590311,5.1866383429,2.1581572756,0.8262788207,0.8736329369,0.8165427131,1.5400729252,0.1964045092,0.8105088497,0.1276884021,0.4931845397,1.1466297121,,ABV10,0.0102,3.6170212766,282,0.0593,21.0283687943,3.3,64.1576658622,1.315239,17.379039,4533.345,2.718553,41.970846,2.80108,0.030788,
2,ABV11,MA-E2 6mo,6,2,3,2,,8.1870002747,20.1399993896,1.4511543476,0.9498683105,0.5986981482,0.5994865487,0.6497245713,1.0621595642,0.6508518473,0.9281311583,1.3739223289,1.5688413318,,1.280138263,1.4089296532,,0.5024669235,1.1838613975,1.1756028601,18.8409529055,0.8340469056,1.2225563964,1.1029749329,1.3930049533,,8.1257428223,1.687865625,1.144565362,0.0361891411,0.4660962491,0.9639961915,1.1434550613,,0.3818560075,0.1395060719,0.170530338,0.8891513024,2.1683545258,1.0911127427,,0.3629144165,1.230376274,0.8319678784,1.8263963865,0.199560725,,0.065321394,0.607603055,0.2551467813,,ABV11,0.0143,5.1438848921,278,0.0612,22.0143884892,3.45,60.8568019512,2.760713,14.288836,25823.871,3.237166,41.2447,2.419412,0.021085,
2,ABV12,MA-E2 6mo,6,2,3,2,,8.2939996719,20.6030006409,0.6979522607,0.7198652816,,0.6425135192,1.3821363237,0.9375706118,1.3551012944,0.9217193326,0.8163728128,0.8418876865,,1.1521273275,0.4755270093,0.9425881252,0.7605416453,1.4964028049,0.9185301102,,1.7779300029,0.9207616606,0.6780198356,0.7901511427,0.6275486764,0.2796124679,1.5520755755,0.9977836571,0.1404082,0.5265708083,0.6186086915,,1.7600300505,1.1073405466,0.0640081856,1.1035099354,0.8267369915,0.7472169292,7.2944558275,0.648778918,0.3185740355,1.309575092,1.0737058501,2.0083350785,1.1590147079,0.6403354071,0.3003462692,0.9435692471,0.4062387674,,ABV12,0.0138,4.380952381,315,0.054,17.1428571429,3.05,43.0618382769,2.58462,13.914218,11758.893,3.442784,61.667666,2.333179,0.029514,
5,ABV50,MA-E2 6mo,6,2,3,2,,8.7980003357,20.5760002136,0.6539260719,0.7001814718,2.3422567336,0.4975109513,1.1406849995,0.9138311663,2.9289857273,1.0728141955,1.0794533335,0.6336248368,,1.6372800255,0.490253818,1.5940532072,0.4941772039,1.608258842,1.3272130814,0.2829856538,0.3912599821,0.7588577047,0.8641781868,0.9403051682,0.8274823208,,1.1028218311,1.0888470068,0.0949756095,0.7431370192,0.9318047342,0.3509650303,0.5777834015,0.9993758127,0.446087883,0.5563635085,0.7414903404,0.284716854,3.2598388654,0.6824521277,0.5380082344,1.0246275934,0.8256487455,1.4499465588,0.3796913974,0.8735127089,0.1991187657,1.5520766015,1.2998996717,,ABV50,,,349,0.0669,19.1690544413,3.35,70.9246013235,14.509628,12.118186,50000,14.419647,,2.186032,0.382432,"Can't find capsule, E2 level is low"
5,ABV51,MA-E2 6mo,6,2,3,2,,8.3999996185,20.9589996338,0.6984354844,0.7588044332,0.7689165125,0.6411791466,0.9036900877,0.7330577477,0.8007362173,1.1747867048,0.738310014,0.2621928184,,0.8129840493,0.5923819474,0.4023993066,0.7610692087,1.1364231845,0.7723891876,13.3780750556,2.2333354359,0.7360617766,0.6851062867,0.5760237574,0.6744579095,1.5183449888,1.4036656254,0.6434056357,0.1238527999,0.3478889892,0.7037324181,1.071326256,0.3430759394,0.9599948972,0.645012692,1.3333905267,0.905947505,0.9327741387,3.2261183317,1.3801246686,0.623602883,0.6237760413,0.6762365721,1.6632438295,0.6843942761,0.5617108444,0.2532614346,0.7728172723,0.7486684397,,ABV51,0.01,3.3333333333,300,0.0602,20.0666666667,4.2,,0.159049,9.497299,6325.06,2.296774,28.409596,1.429971,,
5,ABV52,MA-E2 6mo,6,2,3,2,,8.357000351,21.0629997253,0.9095350809,0.8554766298,1.2132693024,0.7283982822,1.3668928218,1.0188919361,1.5171879841,1.5458503471,0.8629213158,1.0279005905,,0.9953671476,0.5189255933,0.6772221578,0.7280454297,1.6216929177,0.6975654613,0.216404393,3.5142072623,0.5831343545,0.77131986,0.8755128822,0.8899523118,0.4205940498,0.8129289127,0.8838054062,0.1336654954,0.4735867179,0.9979922354,0.4516883206,0.9962652926,1.2808494531,0.4329884956,2.4001105568,0.848801728,1.1054245317,5.1794536374,1.7097679269,0.7006183492,0.729055438,0.79752454,2.6982043873,0.9746119574,0.6062144605,0.2921336786,0.9222311566,0.716680013,,ABV52,0.0127,4.3344709898,293,0.0576,19.6587030717,3.6,76.2118136486,0.319989,14.414932,22004.19,1.556367,71.408855,3.225995,0.015849,
6,ABV53,MA-E2 6mo,6,2,3,2,,8.5570001602,20.6410007477,0.5195014463,0.9544889101,0.1025855676,0.330288726,1.641368431,0.7219647743,1.3448087514,1.3017031784,1.2169756118,0.108194472,,1.0340457576,0.5846315237,0.9341336169,0.3997305264,0.6738500559,1.0735573788,0.2727782217,0.2791667449,0.8801986359,0.6884389612,0.9802349317,0.7693968873,0.8359569309,0.7584887934,0.8332380477,0.0978488829,0.5671097246,0.6422023561,0.1278389542,0.4957212285,1.0981688088,0.7363177537,0.5014226706,0.7560222688,0.1631871487,0.2245018268,1.046664723,0.3801655622,0.8397896698,0.7592256914,1.1679677235,0.1808543842,0.7916306886,0.1500691357,1.5585465386,0.8635796063,,ABV53,0.0153,4.6646341463,328,0.0618,18.8414634146,4.6,47.3463555149,4.308474,16.215166,22262.216,4.942183,89.095909,3.685871,0.026255,
6,ABV54,MA-E2 6mo,6,2,3,2,,8.2159996033,20.3680000305,0.8237049894,0.7937731342,0.3096904053,0.7736748696,1.6379596357,1.1111080662,2.5480596336,1.1618308179,0.9508557531,0.3656911734,,1.0240592117,0.7903699201,0.6967434989,0.6662336473,0.9622598848,1.0241304283,2.436482422,1.4693721764,0.7737284691,0.7941035624,0.8202868745,0.6206274782,0.4624917306,1.2194242907,0.8893354084,0.171074887,0.6847741342,0.7679584899,1.7271567008,1.4954695107,1.3576378034,0.4176593514,1.1519666414,0.91478163,0.5349958663,1.215711006,1.2115037481,0.4294908783,0.9421961614,0.9256887295,1.9225209443,0.667064857,0.9226780007,0.2612855758,1.3051356504,0.9096597858,,ABV54,0.023,7.210031348,319,0.0609,19.0909090909,3.68,82.3252681523,1.91586,18.563231,16298.697,5.451215,,3.712531,0.00725,
1,ABV01,MA-VEH3mo/E2 3mo,7,,3,,1,7.9369997978,20.7840003967,0.5517933751,0.7437038816,0.6528847443,0.5566330438,0.3092618002,0.6408239375,0.7450454307,1.1522073742,0.9020626998,0.4593607874,,0.6714255795,0.9097868533,0.7054915072,0.3273940544,0.8181848689,0.6326148337,0.3746977251,0.778732109,0.8437577151,0.7471134564,0.5070499315,0.6624120267,3.88119049,1.0197392459,0.6938997988,0.0469314941,0.5911924471,0.6643890155,1.6799281097,0.7262802247,0.6079816457,1.9539586107,0.2087864034,0.5841859087,0.1197086514,0.6197678052,0.4083279008,0.3746720654,1.0418151634,0.7262811849,1.1165132321,0.1144587133,0.4453155822,0.0840679225,0.4557136965,1.2573614752,,ABV01,0.0144,4.8160535117,299,0.0552,18.4615384615,4.54,,0.689633,6.926241,570.522,0.067151,26.444533,0.9693,,
1,ABV02,MA-VEH3mo/E2 3mo,7,,3,,1,7.9590001106,20.3209991455,0.7701439247,0.7774384341,0.2458586115,0.5324803669,1.239621648,0.862143781,1.131628167,0.632615001,0.9133883048,0.4026784115,,0.779326896,0.9028760569,0.7344316979,0.2637239877,0.7024660478,0.8853997395,1.8997362442,0.8381027112,0.9271659051,0.7141998181,0.791795806,0.7431885522,6.8995397185,1.0218614485,0.8048550605,0.0396839811,0.5372629318,0.7663633398,0.4335889745,0.1637538688,0.7526751714,1.3448072402,0.3160227216,0.628724292,1.1499731826,1.3878010654,0.7888374027,0.3372057049,1.0140302823,0.734889557,1.2950430862,0.1511339017,0.867479065,0.0993524537,0.8369419645,1.1261507957,,ABV02,0.0095,3.8617886179,246,0.0598,24.3089430894,3.4,74.5995191332,0.125113,4.930877,14084.655,1.084709,22.509345,3.015025,0.017841,
1,ABV03,MA-VEH3mo/E2 3mo,7,,3,,1,8.1140003204,20.5279998779,0.7008607957,0.6292911482,0.6574262384,0.4739479369,0.9950907053,0.8567825766,0.9865058839,0.8921755301,0.8810523815,0.9498031369,,1.0601734228,0.9379608993,0.8268520931,0.5430285841,0.8024588739,0.854054672,4.6744620599,1.6001410175,0.5925057015,0.6817901961,0.8305852161,0.5628415103,0.3339028152,1.3549133746,0.7768994725,0.0838352374,0.5512200949,0.5407747584,2.4122832731,0.4188779566,0.7042209472,0.5231872936,1.3482613044,0.7384127069,1.0670294088,1.9249225833,1.6979574278,0.5620225354,0.9680146753,0.8595185126,1.9439620608,0.5823263463,0.699260275,0.1425658894,0.7028068282,0.5537855742,,ABV03,0.0145,4.7231270358,307,0.0582,18.9576547231,3.24,44.4593399179,0.518961,14.944291,4307.617,2.570862,31.220303,1.673734,0.007467,
1,ABV04,MA-VEH3mo/E2 3mo,7,,3,,1,8.1499996185,20.1159992218,0.9994449164,0.7921241019,2.1285909422,0.573076147,1.1695063897,0.9298044079,1.7464180735,0.9084005352,1.0326130897,0.7981318866,,0.9708359725,1.0101713557,1.0560659431,0.5105412176,1.3309892354,1.1650567947,0.7530396125,1.9455777578,0.9093446293,0.8232480636,1.1770701941,1.0265467357,0.4631335845,1.5467056793,0.8572572084,0.0383056099,0.998406223,0.8185255132,0.5951801534,0.6890116942,0.7521536753,0.6668341015,1.3938724585,0.9682825717,1.1100303678,4.2157784044,1.3677456929,0.3884225699,1.1851738781,0.8818464446,1.9547708325,0.7085290134,0.854943189,0.0927634256,0.8191506939,0.5060669687,,ABV04,0.0157,5,314,0.053,16.8789808917,3.2,43.4698209352,1.330863,13.352127,8808.475,2.719507,53.906666,3.356324,0.010003,
4,ABV41,MA-VEH3mo/E2 3mo,7,,3,,1,7.9109997749,20.1480007172,1.0162107324,0.8698262095,0.11890658,0.6587483938,0.6483750085,1.0548214789,0.5476777239,1.1578107142,0.8713350175,1.74315439,,1.1657834993,1.432564628,0.787144612,0.605878141,1.6341029835,0.9655339859,8.2294773565,0.918402793,1.0628219461,1.0930807574,0.7175743032,1.0576036457,1.118449502,1.0593649224,0.7488760779,0.0709378747,0.524021897,0.8202297786,0.765990881,,1.0659206882,0.916622688,1.1035095707,1.0094013878,5.2912180866,0.9765723949,2.040326667,1.3497575627,0.8450451019,1.4315710249,2.2283859671,0.2899547656,1.1320202119,0.1573118782,0.3278710004,1.2460827956,,ABV41,,,298,0.0579,19.4295302013,4.68,52.829906477,0.518961,6.444298,50000,7.524068,76.92619,2.722026,0.022606,
4,ABV42,MA-VEH3mo/E2 3mo,7,,3,,1,8.0880002975,21.2660007477,0.8610684077,0.6232144413,1.2310596557,0.4169077435,0.692986729,0.7130132065,0.4130533381,1.0377082219,0.5480195555,0.9935744683,,0.9442884367,0.9035020545,0.7213142007,0.4989957219,1.1403686504,0.5029195142,0.2950029407,2.2535500436,0.7636064094,0.7990738815,0.5495034257,0.9017503541,0.4048616771,1.0748981969,0.8584463571,0.0951073554,0.7603313255,0.4566305483,1.5576809515,0.1238443184,0.6143362826,0.3070188957,1.0556272096,0.7788945361,2.2293152101,5.9331572513,4.41006568,0.6398036432,0.6745980075,0.8348563279,2.1734701992,0.8396736553,0.7520497674,0.1431599958,0.2648413181,0.3531615447,,ABV42,0.0122,3.57771261,341,0.0556,16.3049853372,4.32,65.0228826797,0.238121,6.056849,17605.772,1.415906,26.289082,2.858381,0.0195,
5,ABV43,MA-VEH3mo/E2 3mo,7,,3,,1,7.9930000305,20.1830005646,1.1993057038,1.0152254135,3.4364062983,0.6460864347,1.2065601342,0.8496850048,0.5174171595,1.6499250873,1.0764633917,1.5007672739,,1.0340450741,1.5719992473,0.7876898479,0.8479785609,1.3722083294,0.9975073349,7.6411939246,1.528587426,1.1351639409,1.208652884,1.0997691972,1.3724940894,4.9674333827,1.0967238531,0.9820028938,0.0844768734,0.6262021657,0.8196614768,0.493937095,0.4421473285,0.9031886731,0.749187668,1.6156333253,0.940500239,3.9630181878,2.6331689463,3.3491612296,1.1116487773,1.051245996,0.8470979539,2.2485565187,0.8010137328,1.2124289209,0.2035846489,1.4541739936,0.4905255335,,ABV43,0.0156,,,0.055,,3.5,34.2122293929,0.5364,8.074377,5643.66,2.15804,31.053196,1.640999,0.021085,didn't weight bodyweight
,ABV44,MA-VEH3mo/E2 3mo,7,,3,,1,,,,,,,,,,,,,,,,,,,,,,,,,,,,,,,,,,,,,,,,,,,,,,,,,,,ABV44,0.0132,3.9169139466,337,,,3,73.2060175598,0.919157,15.131547,9394.772,2.001215,21.169948,5.07492,0.052285,
,ABV45,MA-VEH3mo/E2 3mo,7,,3,,1,,,,,,,,,,,,,,,,,,,,,,,,,,,,,,,,,,,,,,,,,,,,,,,,,,,ABV45,0.0127,3.8837920489,327,0.0702,21.4678899083,3.87,107.0741013271,0.238121,5.959692,10349.033,2.218613,76.439348,3.003005,0.039031,
,ABV46,MA-VEH3mo/E2 3mo,7,,3,,1,,,,,,,,,,,,,,,,,,,,,,,,,,,,,,,,,,,,,,,,,,,,,,,,,,,ABV46,0.0164,4.880952381,336,0.0611,18.1845238095,4.12,65.6557545844,0.195418,10.535257,5956.265,1.390752,62.382294,2.879047,0.039031,
5,ABV47,MA-VEH3mo/E2 3mo,7,,3,,1,8.1020002365,20.3460006714,0.7170769373,0.792674621,1.0387869792,0.5139856974,1.8841324977,0.8455728698,1.9963998672,1.1739739099,0.9721837008,0.5754250369,,1.2416856374,0.4667107722,0.7163316059,0.5700264206,1.079602192,0.9608608708,0.6674810713,1.8355341561,0.8010140505,0.7880725452,0.8682607228,0.7026116384,0.3593595942,1.0645178124,0.9584667484,0.0901642393,0.6716117062,0.7326014172,3.6010044958,0.5604280194,1.359522855,0.2641446877,1.3852060956,0.870851843,0.1100781829,2.2780501404,0.6112355292,0.3833411536,1.2142786575,0.8319684284,2.1480091165,0.5624900988,0.8608893567,0.1526924595,1.4461341938,0.9307082371,,ABV47,0.0046,1.4603174603,315,0.0581,18.4444444444,3.53,72.1037782209,1.121648,15.837369,4488.203,2.005407,56.352624,2.545922,0.00725,
5,ABV48,MA-VEH3mo/E2 3mo,7,,3,,1,8.109000206,20.6450004578,0.849803189,0.6948628507,0.2461995741,0.4606679625,1.3555704016,0.692074632,1.274030659,0.9008759566,0.9830247818,0.36772521,,1.052850799,1.01157262,0.5718468187,0.6873416294,0.9444190303,0.7848014636,0.6103890673,1.5106818111,0.6978070359,0.6946706937,0.8061945172,0.7603837995,0.3236487954,0.5946859671,0.6389616293,0.0979168222,0.5466541586,0.5205470114,1.0420335661,0.6683143675,1.0928533893,0.3139052037,1.0091215146,0.8181850312,0.4387896206,1.1171319684,1.2966592429,0.3974102087,1.1337483975,0.867899323,1.5241440666,0.5172376924,0.6443428607,0.2110562968,0.7658850109,0.7675863721,,ABV48,0.0169,5.0598802395,334,0.0664,19.880239521,2.86,68.6717427135,0.172813,8.415711,8771.181,3.197387,72.62146,1.832491,0.017424,
1,ABV05,MA-E2 3mo/VEH 3mo,8,,3,,2,7.8540000916,20.5480003357,0.7934442072,0.785019175,2.6025026722,0.8746631169,0.3857931312,0.7300160796,0.0523161451,0.8499204907,0.7398470169,1.4316704867,,0.7538240349,1.3431303615,0.7472688933,0.6117860109,0.8953355073,0.7033914213,0.5258786488,0.5645607359,0.6905892136,0.7102504643,0.6042428762,0.7861088458,,0.6233869148,0.8211967147,0.6967432225,0.4209440659,0.531116645,0.1653277334,0.4128243728,0.4671957595,2.0596519987,0.6538807717,0.7703041531,,3.2283583206,0.9970934564,1.1170556137,0.9025627137,0.835435441,0.5613608068,0.7109893744,0.6987750949,0.442791388,0.2942673929,1.4493438078,,ABV05,0.0108,2.6666666667,405,0.04,9.8765432099,2.25,21.457903636,27.376851,31.081932,10462.387,5.205658,8.467184,2.618275,,
1,ABV06,MA-E2 3mo/VEH 3mo,8,,3,,2,8.4119997025,20.3939990997,0.910795543,0.6992106325,1.0431165439,0.9341975917,1.3332061464,0.9519782521,1.8117694923,0.7702509945,0.906449852,0.5306010074,,1.0155765944,1.0356957764,0.9048179129,1.0021509767,0.6627328505,1.1522074504,1.0394358161,1.2545762652,1.1792748636,0.8388010075,1.0556999238,0.8269087207,0.4686229547,0.8334684244,0.9168764223,1.020798851,0.8715762155,1.0189619851,#VALUE!,1.0699903179,1.083800211,0.717176582,0.9781311565,0.8763019528,0.4974416297,2.4096086862,1.0054203638,0.5406246411,1.0196674583,0.8672982797,0.8100026994,0.7578057081,0.8490369691,1.1155074934,1.5285878302,0.6889155073,,ABV06,,,382,0.0406,10.6282722513,2.31,17.8365102613,11.85053,11.804638,5936.842,5.494099,9.543534,2.130525,0.010003,
1,ABV07,MA-E2 3mo/VEH 3mo,8,,3,,2,7.9619998932,20.1760005951,0.8334686448,0.7339733962,2.06179258,0.9678123622,1.2976482443,0.7840408822,0.5231877086,0.6321766894,0.8653158436,0.6871511889,,1.0757181967,1.2645284041,0.6057103115,0.5815999578,0.7618076065,0.9810504186,0.562061769,0.8242764761,0.9759642824,0.665448956,0.8288597082,0.7677990033,0.4926036008,0.6034051407,0.7779776668,0.7827915804,0.5350327888,1.189288598,0.4051134867,0.8678998967,0.9119958961,1.6671689265,0.9904118185,0.7528838213,2.2824765868,1.7529686505,0.9915787854,0.726331837,0.9324510973,0.7237681462,0.7290042586,0.7473730298,0.8490375303,0.4848799779,0.9209530423,0.4127670149,,ABV07,0.0025,0.6944444444,360,0.047,13.0555555556,2.03,15.9828539291,16.776528,27.271907,1416.677,4.971452,2.455104,2.196399,0.023346,
1,ABV08,MA-E2 3mo/VEH 3mo,8,,3,,2,8.279999733,21.4430007935,0.6955370144,0.9137039568,0.2063119229,0.8234760049,0.4044124179,0.9493413993,0.1211947398,0.8024039207,1.1229542306,0.3412025159,,1.0579702551,1.4425277015,1.0429711994,0.5506087914,0.6923143051,0.5081755356,0.5581796052,0.4744080174,0.817279068,0.7142000541,1.3006208087,0.9137041984,1.5577884543,1.8002527997,1.0539448798,0.7472690908,0.505821016,0.6246409025,0.7004713657,1.229098393,0.5059616031,1.8231067633,0.5333297948,0.7991280785,1.0985501333,0.8961417325,0.5118524134,0.5620221639,1.2008856543,0.9484212304,0.7610168886,0.4207102816,0.5532100413,0.6609894438,0.2797481691,0.7575431622,,ABV08,0.0081,2.16,375,0.0458,12.2133333333,2.2,18.764991878,16.09513,16.676517,3043.799,6.237032,3.923618,2.732975,0.033255,
,ABV55,MA-E2 3mo/VEH 3mo,8,,3,,2,,,,,,,,,,,,,,,,,,,,,,,,,,,,,,,,,,,,,,,,,,,,,,,,,,,ABV55,0.0108,2.7341772152,395,0.0493,12.4810126582,2.15,22.7809250168,25.777864,45.80094,3238.768,10.271461,13.989381,3.00081,0.00725,
6,ABV56,MA-E2 3mo/VEH 3mo,8,,3,,2,8.5039997101,21.1679992676,0.7696103253,0.7593302895,0.4713594288,0.4574861263,0.8088253704,0.7130127352,0.9522412068,0.8780644651,0.9095968901,0.4221127611,,0.9274230483,0.7821941492,0.8031266759,0.6736629973,0.9352993126,0.7181715121,,1.0891470474,0.4553033166,0.6260720357,0.4457168419,0.636309552,1.0939145556,0.6727770454,0.5570197146,1.4070746865,0.9812544611,0.6033632605,4.6216213273,0.4596477999,0.6676206027,0.9635289553,0.6346795383,0.8684402736,0.0143739386,0.5695121586,0.9105436721,0.5758239624,0.5864578568,0.8470979539,0.6773625613,0.4707061747,0.5193937643,0.8477432767,0.6351636277,0.8996277951,,ABV56,0.0144,3.7696335079,382,0.063,16.4921465969,2.65,24.3089772562,29.971048,88.453226,7227.281,10.001313,2.361606,4.563977,,
6,ABV57,MA-E2 3mo/VEH 3mo,8,,3,,2,8.1379995346,20.8910007477,0.8785516994,0.6660947581,0.6642965734,0.5863356759,1.1234221343,0.6004015494,1.2766829172,0.8921749403,0.6463108651,0.5346619817,,0.8534033037,0.6257243272,0.6632843732,0.5934092628,0.5488561469,0.6752055538,3.3422048053,0.6290296315,0.5388288305,0.6321766058,0.8468621304,0.8638182578,0.467649409,0.5885343968,0.6963091298,0.969088115,0.5466541586,0.6671579049,0.519573636,1.5676443972,0.8386262541,0.4523148823,0.5901279689,0.7137538585,0.6650799938,0.9564746865,0.8223359506,0.5932450049,0.6298582241,0.7597518397,0.4472025059,0.574707485,0.5509146133,0.6919305387,0.677925721,0.4560929088,,ABV57,0.0089,2.2704081633,392,0.0463,11.8112244898,1.84,32.4594617654,30.894031,38.911757,7944.459,11.848278,7.056113,4.569614,,
6,ABV58,MA-E2 3mo/VEH 3mo,8,,3,,2,8.1180000305,20.8080005646,0.5897597549,0.9232537045,1.4388339465,0.7509558781,1.008981974,0.665726142,1.3134849479,0.6348115414,0.786380876,0.3194588096,,0.8090500671,0.6899668217,0.544385501,0.7485130581,0.5496174955,0.7053442008,0.1624196758,1.1432970962,0.3930813935,0.6504007712,0.4734222031,0.6573800874,1.1929222818,0.7632351895,0.6469830844,1.2206917908,0.9054456758,0.6430931903,1.3797430096,0.7708921971,0.8675992081,0.6140381972,0.7589620515,0.7837686253,0.6393153413,2.552303711,1.0481166093,0.7288530545,0.5318533862,0.6554691885,0.5296093921,0.8455136227,0.498581267,0.9425880006,0.6316515339,0.9837746948,,ABV58,0.0124,2.9807692308,416,0.0564,13.5576923077,1.39,19.0320402341,34.151707,41.924297,1819.703,10.793555,9.277711,3.545995,0.012215,
6,ABV59,MA-E2 3mo/VEH 3mo,8,,3,,2,8.6800003052,21.6779994965,0.8248481412,0.5778633845,0.7219141881,0.5843078347,0.7355529095,0.6164264472,0.2129226859,0.7559700959,0.7907532923,1.4316704867,,0.9267807833,1.0400117698,0.5157341651,0.701784936,0.8756952063,0.5697499104,1.5345333469,1.1135761695,0.9401098892,0.6836839094,0.4317295819,0.7114330894,2.3529971898,0.542313716,0.5782643827,1.0857562563,0.8087130989,0.8139995323,0.3364346889,0.8313906195,0.7819233606,1.6442159975,0.5598454352,0.7837686253,1.3571686984,1.1629581929,1.0941416381,0.8401389203,0.5336995369,0.7881819512,0.4907295326,0.9201236438,0.5314108677,0.8081533642,0.6561970849,0.7772225683,,ABV59,0.0119,3.2336956522,368,0.0475,12.9076086957,2.06,12.3744287027,34.174834,45.625235,7122.871,9.122025,5.342452,7.635482,,
6,ABV60,MA-E2 3mo/VEH 3mo,8,,3,,2,8.1099996567,20.7740001678,0.8883498394,0.8572569817,0.1482290192,0.6258108639,1.4609429514,1.0181843073,1.2521439059,0.6330536165,0.8701277274,0.4360907459,,0.9884908343,0.5200055412,1.0229243407,0.8151285681,1.0610555531,0.7181710374,1.5886466583,0.2302381997,0.8071446408,0.8335841326,1.005002272,0.8454548268,0.5915204582,0.9600622932,1.0941422167,1.0925505944,1.0895249512,0.8633993482,0.1030488635,0.6586568236,1.1648134542,0.7628118075,0.6489138535,0.8488011669,0.0491589684,0.2194250362,0.8048543688,0.5562092109,0.6685463424,0.8607107981,0.9119332005,0.5143776619,0.8390909388,1.1612663121,1.2001380997,1.4165680159,,ABV60,0.0125,3.0120481928,415,0.0616,14.843373494,2.27,12.6434930059,9.870117,58.513136,7419.535,11.692666,7.69913,7.21407,0.018889,
