Plate,Sample Name,Group,treatment ,E2 effect,age effect,duration effect,timing effect,Raw18S_Ct,Raw GAPDH_Ct,Ar-Rn00560747_m1,Arntl-Rn00577590_m1,Avp-Rn00566449_m1,Avpr1a-Rn00583910_m1,Bdnf-Rn02531967_s1,Clock-Rn00573120_m1,Crh-Rn01462137_m1,Cry1-Rn01503063_m1,Cry2-Rn01485701_m1,Cyp19a1;LOC100359906-Rn00567222_m1,Dbh-Rn00565819_m1,Dbp-Rn00497539_m1,Drd1a-Rn03062203_s1,Drd2-Rn00561126_m1,Esr1-Rn01640372_m1,Esr2-Rn00562610_m1,Gapdh-Rn01775763_g1,Gh1-Rn01495894_g1,Ghrh-Rn00580832_m1,Gper-Rn01643280_s1,Grin1-Rn01436038_m1,Grin2a-Rn00561341_m1,Grin2b-Rn00680474_m1,Hcrt-Rn00565995_m1,Igf1-Rn00710306_m1,Igf1r-Rn00583837_m1,Kiss1-Rn00710914_m1,Kiss1r-Rn00576940_m1,Lepr-Rn01433205_m1,Mtnr1a-Rn01488022_m1,Mtnr1b-Rn01447987_m1,Nkx2-1-Rn01512482_m1,Npvf-Rn00576645_m1,Npy-Rn01410145_m1,Nr3c1-Rn00561369_m1,Nr5a1-Rn00584298_m1,Oxt-Rn00564446_g1,Oxtr-Rn00563503_m1,Pdyn-Rn00571351_m1,Per1-Rn01496757_m1,Per2-Rn01427704_m1,Pgr-Rn01448227_m1,Pomc-Rn00595020_m1,Slc17a6-Rn00584780_m1,Tac2-Rn00569758_m1,Tacr3-Rn00566955_m1,Trh-Rn00564880_m1,,ABV ID,Pitutary weight,Pit index,Body Weight (g),Adrenal Weight (g),Ad index,Uterus Size (mm),E2 RIA,LH,FSH,GH,TSH,PRL,BDNF,ACTH,Note
3,ABV19,Y-VEH 3mo,1,1,1,,,9.369,22.032,1.0886194818,0.6794314324,1.8328642354,0.7992948558,0.7408224863,0.8730280164,1.7220172174,0.8338155498,1.0176208143,1.3743030555,,1.1481409312,0.6289859936,0.968349711,0.9926795747,0.7015414807,0.9435036089,54.485477689,1.9422108116,0.7755543299,0.8418880661,1.255445942,0.9518459097,0.5685659415,0.7978555773,0.8900138927,4.9379087388,1.3252823622,1.4499464227,1.5821648451,,1.1146570524,,1.8872686969,0.8969502407,2.6324390205,3.0639643462,0.8799539477,1.1873949331,0.7447354187,0.7051977894,0.8151852906,13.5573177762,0.6565604915,1.6755100387,1.2642660474,1.4433289804,,ABV19,0.0078,2.2285714286,350,0.0497,14.2,1.88,23.4116442667,54.466076616,45.15574812,8922.330816,8.486661624,7.228267536,3.538633,0.024073,
3,ABV20,Y-VEH 3mo,1,1,1,,,8.685,21.272,0.9365966349,0.7799209813,2.4369893157,1.0775835327,0.8676588385,0.7797588124,1.6668214458,0.9187856201,1.2563166053,1.7884380882,,0.9587986215,0.8532851208,0.5523291073,1.6081478074,1.4485407945,0.994539062,5.222714521,6.4876671431,1.1878064362,0.8059154167,0.7511640424,0.808769191,0.4025945607,0.5098693526,0.7026605274,8.1054943248,0.9332268819,1.4044444784,0.7473727779,,1.9773933741,,2.4799307567,1.0425379185,4.3061545879,0.8469798246,0.861247579,1.6164174843,0.9374410507,0.6750657162,0.7532496092,17.9635411857,0.8213106117,2.1986231299,1.321613282,0.9397833892,,ABV20,,,324,0.0487,15.0308641975,1.99,23.9290176889,43.955942,54.351893,3188.256,6.834597,0.994908,4.312426,0.017841,
4,ABV25,Y-VEH 3mo,1,1,1,,,9.0419998169,21.6560001373,0.7623365771,0.8422960754,4.7836095942,0.8614259666,1.0615699769,0.7012979346,1.9146760452,0.7965299522,1.1174423515,0.6514377709,,0.9694911699,0.6302954074,0.7108415544,1.2374753994,0.9425237315,0.9760991599,31.4459081547,2.4978724107,0.6667879291,0.8613668613,1.1182165984,0.9964025805,0.6313011648,0.6400248123,0.8015696088,3.7189620752,0.6960678207,1.3755410362,0.6206707414,,1.3091226375,,1.3262007143,0.9145279616,4.6634550507,4.3783868172,0.709807698,2.2748939825,0.9092822662,0.6050389982,0.8174484274,18.8566328684,0.7209645177,1.7515113419,2.151436749,0.8358984957,,ABV25,0.0073,2.417218543,302,0.0441,14.6026490066,1.55,,47.779652,53.702121,5792.015,7.669143,7.26437,3.745627,,
,ABV26,Y-VEH 3mo,1,1,1,,,,,,,,,,,,,,,,,,,,,,,,,,,,,,,,,,,,,,,,,,,,,,,,,,,,,ABV26,0.0125,3.5816618911,349,0.0449,12.8653295129,1.89,17.0470644152,123.058373,113.183042,18976.14,6.848432,2.103421,4.640194,0.021853,
4,ABV27,Y-VEH 3mo,1,1,1,,,8.8249998093,21.5359992981,0.7919599369,0.749707182,0.7270367485,0.6332290851,1.1918479906,1.0418152667,3.3942658715,1.0664372592,0.8932893687,1.1588546317,,0.5220641728,0.5024665415,1.019314627,1.1538047112,0.9941941779,0.9126290312,0.4792333267,0.5493126297,1.1206218192,0.9225504439,0.8404302308,0.7806784909,0.8335844908,0.9822749535,0.7169276621,0.4459332303,0.9299983146,0.4540745582,0.8838670151,,0.7735682188,,0.3343194559,0.8162599524,0.1419444308,1.9350877209,0.7914119022,0.5774626834,0.8819693646,0.9298693463,0.8265645603,0.2171856364,0.7474242389,0.8092183631,0.5412249493,1.3903035206,,ABV27,0.015,5.0847457627,295,0.0528,17.8983050847,3.25,52.2044359051,8.54442164,18.6064268,25267.875,5.48540852,92.34645944,2.388834,0.026186,
8,ABV76,Y-VEH 3mo,1,1,1,,,8.7620000839,21.5340003967,1.0334725955,0.7276920025,,1.1217881046,1.0959636546,0.9480925508,3.5237227829,0.7662036526,0.9370511728,1.2308880017,,0.8294921514,0.4377260146,1.2610282047,1.1920129789,1.2299508572,0.8748451772,0.9840464648,4.8456832925,0.9554815667,0.967075544,1.3530360112,1.0941419636,0.7804613643,0.6034054797,0.9355588044,6.6065613347,0.8786127098,1.9738331492,0.7982440874,,2.2999475054,,2.4989112222,0.9560111275,4.042928785,6.9374233626,0.92948218,2.1284446816,0.6862466137,0.7366746398,1.1795200167,18.5583998208,1.0181854178,2.010564597,1.9497636812,1.3089409207,,ABV76,,,350,,,,,31.817532,36.418733,123101.198,11.817816,0.287301,6.201909,0.039883,
,ABV85,Y-VEH 3mo,1,1,1,,,,,,,,,,,,,,,,,,,,,,,,,,,,,,,,,,,,,,,,,,,,,,,,,,,,,ABV85,,,330,0.0394,11.9393939394,1.74,39.33195158,41.453404,38.022695,2239.191,9.366858,1.19756,3.783405,0.015849,
10,ABV86,Y-VEH 3mo,1,1,1,,,8.609000206,20.5729999542,0.6001935569,0.6636067381,0.0358744516,0.3594342995,0.7879631804,1.0651827563,2.2975557196,0.5714897281,1.1448838213,0.7446843909,,0.6686390003,0.3467816801,2.0699568539,0.7241698818,0.6464457359,1.5316643652,3.1054434351,0.3282118737,0.786380694,0.9717792052,1.8676192835,0.8419460395,0.0833542654,0.7470104177,0.8178453666,0.189845956,1.344714213,0.5212323774,0.4597432929,,1.7154660773,,0.2730617994,0.8123090443,,0.0942998781,0.3774872637,0.2867368832,0.7530407325,0.5173093794,1.1104927764,0.0467464622,0.7856723858,0.5488940441,1.8458696899,0.3992600529,,ABV86,0.0092,2.8571428571,322,0.0428,13.2919254658,1.11,29.4726119792,89.068494,175.033078,1928.567,13.433342,11.845569,5.919,0.026255,
10,ABV87,Y-VEH 3mo,1,1,1,,,8.3380002975,20.2439994812,0.6766586209,0.8641783296,0.4444524881,0.7365216501,0.8498024306,1.1745432343,2.4968353515,0.862023966,0.9045054204,1.2813814956,,0.7580154545,0.6525228132,1.1341415143,1.2766834658,0.9643313407,1.5944963086,1.9859080584,0.6154445704,1.3998774564,0.7561272504,1.1252140636,0.8507463583,1.1570088613,1.0513188601,0.7845300057,0.2575456003,1.4332602099,1.1631196817,1.7849716554,,1.4882332672,,0.5315583036,0.8521036624,0.1708024124,0.3745939454,0.452346293,0.5632316561,0.7478389816,0.7637114344,0.8676595726,0.0837365099,0.8485077963,0.8733316764,1.1489377972,1.220438968,,ABV87,0.0101,3.1172839506,324,0.0445,13.7345679012,1.69,21.8360977345,62.333074,89.963204,1544.47,8.89753,1.19756,7.147983,0.020266,
10,ABV88,Y-VEH 3mo,1,1,1,,,8.3739995956,21.1779994965,0.4841413658,0.6187372089,1.0296108019,0.8211965247,0.6281576349,0.9986829593,0.4115383977,0.8698269857,1.0447801045,0.3860070659,,0.8989416989,0.9088404677,1.1444062223,0.5765028354,0.8812356552,0.855654357,0.0212380916,1.1734030775,0.9953666541,0.809274211,0.9554149975,0.709954951,0.6700774708,0.7275903196,0.6679908197,0.9766409224,1.0802008661,1.0942924137,0.7796495325,,1.1855854531,,1.3097564207,1.2711185722,2.2932601064,0.5634651471,0.7373898572,0.6236461887,0.9086519635,1.0035403526,0.7852369727,5.077082054,0.9767078084,0.5690390779,1.6136195459,1.2740310379,,ABV88,0.0104,2.7956989247,372,,,2.31,7.1464392396,45.920321,42.807451,35317.259,12.054958,0.543056,4.037458,0.062818,
10,ABV89,Y-VEH 3mo,1,1,1,,,8.1590003967,20.5580005646,0.8394404813,0.9410877162,1.825257821,0.7785171448,0.8061946504,1.1934181164,4.0197339264,1.3649053831,1.1860796103,0.9778599212,,0.9039405707,0.7873631555,1.6662443895,0.6941889045,0.8199459037,1.1329622356,0.2765863435,1.1468689885,1.0354803106,1.1709670819,1.1681288269,0.9895197681,0.9824124891,0.8140559523,0.8309881223,0.0847231865,1.4848325041,0.7668416887,0.9388067797,,0.5375980676,,0.7569663267,1.1917660565,0.7750710206,5.6741329994,0.662733661,0.8680198398,0.6112354685,1.0021515398,1.0148031438,0.7234672956,0.8321992518,1.184765187,0.9898621879,2.4056073742,,ABV89,0.0084,2.4852071006,338,0.0506,14.9704142012,1.48,19.2781720927,41.732223,47.730668,12808.422,10.042961,1.022195,4.120792,0.015849,
10,ABV90,Y-VEH 3mo,1,1,1,,,8.2620000839,21.0310001373,0.5308954533,0.8301249401,0.3708993184,0.6758613829,1.0578971398,0.7135566896,0.2985614091,0.6815073352,0.7052466896,0.5782235785,,0.8056920464,0.649364435,0.7762535041,0.4695660735,0.3796125571,0.876666417,0.4954462583,3.0434350725,0.7077439326,0.880686385,3.3851040782,1.3451809693,0.8744213825,0.4863945198,0.7264324076,6.4795771939,0.6826883104,2.1931438905,2.2236051066,,1.3780236161,,1.5149808171,0.9138952308,6.4818271411,0.4513756487,0.861247866,1.3229886441,0.7001812172,0.4866983912,0.9383512562,10.0491403511,1.3195086958,1.8195726842,0.8249050951,0.7897127515,,ABV90,0.0088,2.492917847,353,0.0438,12.4079320113,1.45,15.132407688,53.310657,495.720737,172082.032,10.00631,0.639714,5.019254,0.04368,
3,ABV17,Y-E2 3mo,2,2,1,,,9.085,21.48,1.2618144345,1.1402892799,0.581600303,0.8240476737,1.1058837934,0.9781311733,3.2379923281,0.8127030323,0.9045048129,2.0657994122,,1.0290404831,0.6395370281,0.8465106144,1.2573619523,1.5027450992,1.1361079648,1.3829987444,3.3698860354,1.2305469944,1.1807473818,1.5846891915,1.0896010101,0.9608609584,2.0352408428,0.9909607087,3.1035086634,0.6709605135,1.4499464227,0.8275394084,,1.9273250439,,1.90831567,1.0084222513,5.3755043203,0.7156864196,2.1457766665,1.3696429629,0.7026118808,0.6634684912,3.8110800839,9.4283144398,0.9375709948,1.9366997804,0.8381614601,0.6445660795,,ABV17,0.0144,6.1802575107,233,0.0615,26.3948497854,4.41,140.5133855358,1.291781,23.958849,9047.688,7.327572,80.529272,4.51249,0.012219,
,ABV18,Y-E2 3mo,2,2,1,,,,,,,,,,,,,,,,,,,,,,,,,,,,,,,,,,,,,,,,,,,,,,,,,,,,,ABV18,0.0185,6.8773234201,269,0.0605,22.4907063197,4.54,101.4441413599,0.94716804,16.363120368,25366.938576,12.063751392,64.863022056,3.554296,,
3,ABV23,Y-E2 3mo,2,2,1,,,8.768,21.571,0.644163919,0.7151906932,0.6529751193,0.6380757936,0.6580183833,0.8078166894,0.8456306465,0.6210581165,0.8259922123,0.6697525974,,0.9358179067,0.4167054276,0.5361096702,0.5882086939,0.7997385377,0.8562475982,4.5089760491,5.5201206612,0.5503036318,0.7173257554,0.9734642544,0.5754649421,0.5397635968,1.0015257592,0.618952139,1.1328054985,0.6663258507,1.1859141639,0.2824172119,,1.4345516409,,1.4302822147,0.9221669443,7.8104199012,1.6764384424,1.7869508176,1.2361037703,0.776899494,0.5617888348,1.8040007326,12.0419729285,0.8550020852,0.915480036,0.9701636903,0.8353195873,,ABV23,0.0155,5.8270676692,266,0.0572,21.5037593985,5.84,,1.764545,16.723345,31932.356,9.301597,,1.918966,,
3,ABV24,Y-E2 3mo,2,2,1,,,9.236,22.269,1.2375611043,0.7826286708,0.8645971142,0.5941090661,1.6565707206,1.0063274749,3.1581935016,1.6734206955,0.7362155284,1.8799576679,,1.0085619758,0.5449137484,0.8137175791,1.1739736383,1.6240548015,0.7300665782,0.2322579439,5.5855517611,0.9058221701,1.0379236601,1.1811563188,1.1841074039,0.6106423636,1.3978402827,1.102592552,3.1229298728,0.8387424444,2.0279183858,1.2456510028,,2.2983522148,,3.2722882516,1.1345340099,3.2007280693,1.1936662459,2.5114140954,1.2930695382,1.0679172621,0.8669975714,3.4778601587,11.1889276856,0.8385680935,1.4841123702,0.8375806921,1.0009709972,,ABV24,,,237,,,5,,14.622221,33.333009,50000,19.758487,,2.465356,0.040131,
8,ABV71,Y-E2 3mo,2,2,1,,,9.4409999847,21.1819992065,,1.5838114054,0.5513724436,0.874057765,2.0939093942,1.6484374968,7.1458217835,1.4925721326,1.2916364316,,,1.3225292385,0.5824070543,1.7297947596,1.6916135935,1.1092615324,1.7876951254,1.8085074696,0.7483055948,1.2748251253,1.4709018608,1.6542762807,1.5527225387,1.1261503118,4.1936301602,1.2208619422,3.1819246109,1.6868131958,0.7345845206,1.8123977067,,1.8590953593,,0.3570751122,1.4281036996,,3.5612879298,2.2634139532,0.8716376634,1.0229957827,1.0920957292,4.5133534766,0.047861202,1.4600318215,2.1804113195,2.151436749,1.8874007926,,ABV71,0.0119,4.6124031008,258,0.0538,20.8527131783,5.75,96.5713452399,0.488024,11.732597,7996.204,4.263976,54.805206,1.840762,0.00725,
8,ABV72,Y-E2 3mo,2,2,1,,,8.970000267,21.4400005341,0.9709709115,0.9339391566,0.3264874647,0.6656334918,1.3353332241,0.8345670047,2.9940531231,1.9142786657,1.1020585712,1.6605954047,,1.0219331541,0.5056111612,1.1412378785,0.8780651906,1.3394120617,1.0785549453,0.7882901479,1.1248243759,0.6608067633,0.7926192113,0.6737100466,0.7624951308,0.5507237641,1.5682982648,0.7075482135,1.9357593985,1.0727392035,0.6302519941,2.39147406,,1.3895326585,,0.2832800302,0.879101062,,0.9033769098,1.2120930355,0.4896424903,0.8315065064,0.7552890043,2.0030519528,0.0577113921,0.7641886584,1.188878488,1.2989093407,1.1610254902,,ABV72,0.0153,5.5434782609,276,0.0598,21.6666666667,5.69,80.4399542494,0.346159,10.958752,13546.245,4.745624,47.009373,2.873967,0.020266,
8,ABV75,Y-E2 3mo,2,2,1,,,8.5249996185,21.0949993134,1.2315706907,0.9655345923,0.8919899222,0.6288553682,0.9152252579,0.8846019798,3.0127890127,0.8015138687,0.7387715851,1.7577140525,,0.8516304202,0.4860242002,0.7359089385,0.9756255416,1.1046574259,1.0063277463,0.9684829664,0.7323977831,0.6472068209,0.8182991856,0.693610951,0.9671419028,1.1277117115,1.952332792,0.8496257222,3.0354257022,0.8260491479,0.7149919657,0.9252392347,,1.3895317399,,0.4414430528,0.8196615039,0.2500690713,2.1785971496,0.6419352404,0.7763605509,0.6219195119,0.7895480163,2.1305111307,0.2335817052,0.7652476949,0.8137172219,0.9001893845,1.0885443506,,ABV75,0.0119,4.837398374,246,0.0543,22.0731707317,5.59,133.9668935264,0.475249,23.752696,18818.178,4.153512,6.703576,3.212429,0.024005,
9,ABV79,Y-E2 3mo,2,2,1,,,8.906999588,21.156999588,1.075121936,0.9595295052,1.2562284057,0.7715332449,1.5715622939,0.9856167001,1.6714489152,1.0415987688,0.9966780696,1.2139424201,,0.917830205,0.6570611382,0.9003760141,0.8510990403,1.2937865987,1.2562294022,0.3421733082,0.8239903836,0.7574906088,0.9117438438,1.0520478481,0.8211965247,1.3262929429,2.1497947596,0.8390912993,3.6197761394,1.3106658231,0.9706337435,0.7861615657,,1.1757648612,,0.6422912778,0.9835693805,0.7246711614,1.7488420713,0.7440642002,0.7243707734,0.9698265307,0.8409538379,2.0522389714,0.3255608847,1.0395794654,0.8250765528,0.9715089286,1.5490664788,,ABV79,0.0132,4.9253731343,268,0.0532,19.8507462687,4.05,76.0979736987,1.170369,17.532774,12396.707,2.011293,23.534057,4.370714,0.012215,
9,ABV80,Y-E2 3mo,2,2,1,,,9.1300001144,21.2520008087,1.1427426908,0.9430462353,0.0633768487,0.8098906125,0.7428789907,1.1607840659,1.4662175026,1.1040459637,1.3910742586,0.8837442104,,0.9364666178,0.6731968461,1.6639362519,1.1083399111,1.4565953603,1.3727788653,0.3522813244,0.3077222852,1.0967991444,1.0902816206,1.6101551265,2.0587955857,0.7161831486,2.0650823616,1.1630389537,1.5560635915,0.6458625305,0.8162018959,1.2869009734,,1.682493253,,0.4915127971,0.9279378249,0.0732716841,0.2608694898,0.7307758669,0.3796653079,0.8924236474,0.7361644731,2.0565126517,0.0430453022,0.7350932037,0.4526913711,1.9701433032,0.6686856765,,ABV80,0.0121,4.7450980392,255,0.0532,20.862745098,4.05,,0.449632,19.403392,7720.675,4.890233,72.530988,3.835094,0.026255,
4,ABV31,MA-VEH 3mo,3,1,2,1,,9.5550003052,21.7070007324,1.4424287726,1.3410850959,1.4611467844,1.3414567709,1.676206475,1.6178755823,3.0253460291,1.6458141173,1.3464862569,1.6686711042,,0.9864373163,0.9006880624,1.9883904587,1.6998412623,1.2402240384,1.3445277336,0.6786783983,1.0850042337,1.5414622153,1.3619756699,1.8767017681,1.4013325241,1.6741164758,1.543494347,1.5187670454,0.6703097918,1.5024327288,1.2133546799,1.6042499913,,1.1341406146,,0.492877026,1.1615895718,1.8913299557,1.7415833186,0.9281958572,0.9664725147,1.0201635695,1.3389480151,1.479593143,0.1789961319,1.3669879254,1.2875246793,1.1944111146,2.6142554636,,ABV31,0.0092,2.2828784119,403,0.0499,12.382133995,2.2,19.5417897333,37.387427,33.285013,2452.613,4.766868,3.292372,3.578527,,
4,ABV32,MA-VEH 3mo,3,1,2,1,,9.1000003815,21.466999054,1.3282259579,1.144248731,0.5811978183,1.0583373764,1.1058835595,1.0607609022,0.2928229798,1.2048058165,1.0447807952,1.389628924,,1.0983211557,1.0592922009,0.9825487449,1.8005032596,0.9990303991,1.1583741144,0.4057889055,,1.0922474863,0.8806869672,0.8724835667,1.0005554911,0.4479468533,1.2211165074,1.1743808193,,1.0176913786,,,,3.3186608831,,3.074390425,1.3548193796,5.9232970266,0.6136127364,1.5225609245,1.8905434692,1.0308253184,0.9973008686,0.9891088115,,1.1842714208,,2.0143314789,0.5789059502,,ABV32,0.0154,4.4637681159,345,0.0511,14.8115942029,3.15,21.3826891946,28.718981,40.535198,4525.692,5.453974,3.12524,3.263444,0.010003,
4,ABV33,MA-VEH 3mo,3,1,2,1,,8.9639997482,21.5270004272,1.1007598368,0.8780650745,1.6246174442,0.8257625221,0.7616501273,0.9781311888,1.9400562213,1.0903570101,0.9987535995,2.0458484785,,0.7664693014,0.7225150806,1.1725090794,1.4716135768,1.40600289,1.0112216539,0.1996852473,0.3254934026,1.3043213462,1.0880166036,1.0169153427,1.0117122848,1.1418703919,1.0418877181,1.0131866781,0.3844587772,0.9891757667,0.6524774376,1.4528646232,,0.7232670371,,0.5689206765,0.9266518017,0.5757037877,,0.6956819737,0.6007342531,0.7866531303,1.0793031043,0.9455329619,0.0971258678,0.7668412832,0.7800289422,0.7291565785,1.4463323276,,ABV33,0.0147,3.3870967742,434,0.043,9.9078341014,2.2,16.9087733268,18.230465,24.714533,1125.308,5.781187,2.371135,2.93103,0.007467,
4,ABV34,MA-VEH 3mo,3,1,2,1,,9.4589996338,21.5659999847,1.5470286472,1.218748375,0.2552705497,1.0903557127,1.5232992476,1.3689782607,4.6110648762,2.1641491837,1.3408975243,2.8593754279,,1.1521273655,1.0951276429,1.4975444043,2.0033292366,1.7285961453,1.3871267202,1.6265303828,1.643418253,1.3115744698,1.5644979706,2.1349469618,1.6299184091,2.2726883934,1.6750432216,1.289577638,1.6654356819,1.8369335059,1.1157386526,,,1.9828826202,,0.9146551649,1.2510147939,11.246464777,0.6562869032,1.0171265757,1.910301575,0.9061357177,1.0527039937,1.5413544128,1.2657556401,1.8162972725,1.0640754622,0.7306740429,3.08878448620125E-005,,ABV34,0.0025,0.6756756757,370,0.0422,11.4054054054,2.34,18.5791230572,383.42724,122.285293,50000,,,2.308983,1.712261,
7,ABV67,MA-VEH 3mo,3,1,2,1,,8.6759996414,21.4279994965,0.8074804484,0.8946530394,0.4101148758,1.0387151897,0.9045044638,0.7397450292,2.2722146078,0.8680199545,0.8963913084,1.1725909298,,0.9077075085,0.728549416,0.777330802,1.0463751751,1.0313965009,0.8870578422,22.0514300286,0.4858892172,0.6965499239,0.8459824871,0.8755126797,0.8513359311,1.1634420345,0.6699841043,0.6456832411,0.487643701,0.8300663364,0.7269862875,1.1518072341,,1.0136782625,,0.6775034641,0.8497434488,1.4058090264,0.4949655132,0.4345213557,0.7065188667,0.6992108405,0.862202569,0.8357829083,0.5656569218,0.7521018936,1.0909619005,0.2892323688,1.5512152743,,ABV67,0.0085,2.3035230352,369,0.0425,11.5176151762,2.21,17.6778415626,19.666692,37.043064,4436.537,4.299807,0.872431,2.092096,,
7,ABV68,MA-VEH 3mo,3,1,2,1,,8.7589998245,21.8439998627,1.0227821139,1.0961152246,0.1647214106,1.0896013327,1.225354556,0.5038615064,3.3429000401,0.858446045,0.8248477323,1.1389465039,,0.5289854947,0.4900837239,0.4564722405,1.5479949371,1.2265456789,0.7042208773,1.0888461791,1.7323121968,0.7995720663,0.8554173955,0.8761194156,0.9067646347,0.8841722897,1.1738099054,0.9909611646,3.0354277087,0.899565147,1.4610444056,0.5683684117,,2.0814659037,,2.1966405689,0.9408916528,7.6179369564,0.7875262895,0.9211452249,2.0659428238,0.6146344518,0.6075603413,1.1496536116,16.2683934392,0.9814583191,1.0018035443,0.5271553718,0.9769787564,,ABV68,0.0094,2.1412300683,439,0.0516,11.7539863326,2.61,20.9528810013,100.786962,53.140828,50000,42.224464,15.034656,3.643974,0.339931,
9,ABV77,MA-VEH 3mo,3,1,2,1,,8.8050003052,21.1609992981,0.5075071703,0.8872423358,2.2331816828,0.5247857578,0.3184635059,0.9311592193,0.9189767709,0.8355515603,1.0155068117,0.4765504868,,0.7403604453,0.8196612872,0.9412178672,0.5192134228,0.9710383078,1.1672397731,17.3492174706,0.4916489523,0.9960571081,0.9023137457,1.5370875052,1.1669958224,0.4240772531,0.842179492,0.8937227805,,0.6277663561,0.7684380885,0.2545287883,,0.6393154469,,0.5510674604,0.917068118,0.6213164571,0.6034893287,0.4399768715,0.7457686519,0.6376342329,0.6033639186,0.7037817536,0.7594355296,0.4055636453,0.7964199139,1.4283017706,1.196151285,,ABV77,,,348,0.0412,11.8390804598,1.98,16.4375909741,70.019807,55.744795,50000,17.378392,5.267904,4.05177,0.115277,
9,ABV78,MA-VEH 3mo,3,1,2,1,,8.5909996033,21.2070007324,0.935947512,0.855238502,1.2755328578,0.8367096044,0.5385676139,0.867597975,3.1713542691,0.9725205394,0.8834373317,0.9894508275,,0.7680644181,0.7759842592,0.6235593742,1.2547503103,1.2316569898,0.9747463903,3.1444288357,1.6298042049,1.1617491427,0.8911248712,0.9481576069,0.7926735992,0.8012910532,0.920952951,0.6280270155,1.689855103,0.9721832188,0.7536670104,1.1210888992,,0.8631004756,,0.4793989736,0.8322561356,0.3651087293,0.9204424448,0.82501896,0.7561784345,0.6857709164,0.6489143039,0.8755118694,6.439724793,0.7381565139,0.9550183311,0.5768628487,1.429390235,,ABV78,0.0071,1.8251928021,389,0.0472,12.1336760925,1.9,23.5572966647,65.146867,48.080942,50000,15.052169,18.391396,3.64331,0.169709,
9,ABV83,MA-VEH 3mo,3,1,2,1,,8.295999527,20.781999588,0.8035725666,1.0485526718,3.8533129934,0.4661283088,0.9721148434,1.1487774041,1.4123515457,0.6434054018,1.0659942171,1.0663638055,,0.6779726198,0.4993418097,0.8245041844,0.9892450805,0.9405656758,1.0666596249,3.4147959507,0.8967011458,1.0311824408,1.1725906198,4.6434548663,1.9089778833,0.7087743145,1.4785673126,0.9074554118,0.0628867704,0.6912596194,0.6997923499,0.2209666077,,0.5686446274,,0.7929482156,0.9408910308,0.3423161991,1.5587608981,0.3339025172,1.299357793,0.7635525269,0.7326007635,1.2143621795,0.1163868546,0.784584046,1.1404466363,2.0045789464,2.1131556161,,ABV83,0.0066,1.5242494226,433,0.0484,11.1778290993,2.48,,66.549563,95.234567,50000,13.601685,5.865591,3.735229,0.117991,
9,ABV84,MA-VEH 3mo,3,1,2,1,,8.5520000458,21.2299995422,1.2290121514,1.0743016806,0.4039082913,0.6336683358,0.9607282894,1.0389316376,3.4249884185,0.8813582278,0.8914341847,1.4607407884,,0.8841115069,0.6902067914,1.6050287759,1.5630887971,1.0356959475,0.9337449528,0.3557162743,0.5604663451,0.9932994759,1.1295126856,1.2844942464,1.006118756,0.3764160444,1.5726511887,1.104122013,1.2132701445,1.3844379225,0.8310458023,0.5970395381,,1.9166667142,,0.5861328661,0.9494079532,0.0430274422,0.5910694166,0.682310782,0.5387919487,0.714398298,0.865197132,1.5012876511,0.0310126169,0.8264507006,1.1247469006,1.8599958916,0.9749497662,,ABV84,,,404,0.0472,11.6831683168,2.12,23.8879536901,33.966699,39.888109,4918.367,9.598961,2.829296,5.02433,0.035793,
3,ABV21,MA-E2 3mo,4,2,2,1,,8.993,21.49,1.4294892391,0.9940565752,0.2545639313,0.4403735454,0.7382594352,0.7700904748,0.93828595,0.8801371035,0.8061946334,2.3305979964,,0.9108590575,0.7265327799,0.9583337372,0.669613265,0.6856766578,1.0585577229,5.1258805045,1.12951216,0.839324009,0.8160335295,1.3643368732,1.0145218561,1.1562068988,1.6669369392,0.8638781629,1.5421041163,0.4969938038,1.6380729323,0.4355468815,,1.4375378109,,0.5056811265,0.8742391295,19.0062250483,1.0449250822,3.5664776373,2.2875445844,0.788290819,0.6092472999,1.6542759657,2.7075723219,1.9793130983,0.6762367518,0.6548789168,0.4817645598,,ABV21,0.014,4.1420118343,338,0.0609,18.0177514793,2.87,59.6799431171,1.656753504,12.500206152,15880.57464,2.886875376,74.76298284,1.942777,0.008787,
3,ABV22,MA-E2 3mo,4,2,2,1,,8.73,21.362,1.1490963411,0.8382194296,0.5548231637,0.6749252856,1.1528459901,0.918976489,2.0592222789,0.5570196711,0.858089529,0.913008487,,0.8859515687,0.5325909416,1.1294340751,0.7251744561,0.8313917373,0.9639965853,1.0716247796,0.799793689,0.5319268457,0.9425887296,0.8340466067,1.025125077,0.6191666133,1.2782761392,0.764665008,1.0131867906,1.0794525072,1.1034334279,0.8931038963,,0.6554692032,,0.3959252105,0.7851824638,0.1239130563,1.7855883375,0.9996534362,0.4527541788,0.903001242,0.7911920623,1.6855272183,0.0653350006,0.7966400099,0.8781871504,0.7847473139,1.0705856151,,ABV22,0.0078,2.6351351351,296,0.0501,16.9256756757,4.45,56.5500773935,1.269031008,16.363120368,6435.644712,3.126383064,34.952888544,2.435617,0.008787,
8,ABV69,MA-E2 3mo,4,2,2,1,,8.8219995499,21.5939998627,1.1061137116,1.3476069737,0.2922144971,1.0956597082,0.8527522349,0.9298693463,1.9603343774,0.7747488192,0.918403734,1.9462523689,,0.8914948816,0.7341253957,0.9744086841,1.0377070215,1.097787798,0.8748451772,0.1895697666,3.0731083207,0.9884909976,1.0902816206,1.403666043,0.8764843542,0.6922661853,3.1980662834,1.1582116384,1.0642955063,0.4659671857,1.945307503,0.8508041724,,2.2370539003,,1.7842275096,1.001455802,9.6224231362,0.5951803305,2.6509328915,2.2733170554,0.7577525354,0.7225150806,2.7937431381,18.0759593046,1.6483241743,1.0567244899,0.6118713683,0.8493313648,,ABV69,0.0102,3.4459459459,296,0.0512,17.2972972973,4.96,,0.752415,14.129307,4968.437,7.707236,76.803793,2.670688,0.02515,
8,ABV70,MA-E2 3mo,4,2,2,1,,8.8629999161,21.607000351,1.1387882584,1.2918145505,0.5052609452,1.2292685785,1.1844353603,1.0288979051,1.8315945603,0.6767997128,1.1236562707,2.3128943141,,0.7782466002,0.5155199248,0.3782990674,1.4106890077,1.6639355919,0.8919900401,1.1832862267,5.3136364902,1.0326128508,1.0158586272,1.1738111469,1.1406051123,1.4313724532,2.7211189792,0.8783688097,3.2759206791,0.5319270286,1.2024691567,0.8692849414,,2.3596938294,,2.4004403461,0.9924732823,2.9391516508,0.5039662348,1.6672835998,1.1923428664,0.7401041391,0.6998414785,4.4235342381,18.4046623613,0.9572711975,0.7980773615,0.7548698305,1.043478097,,ABV70,0.0133,4.0181268882,331,0.0606,18.3081570997,4.75,91.8255371599,1.097249,16.498114,19712.21,2.283399,97.894003,5.62129,0.026255,
8,ABV73,MA-E2 3mo,4,2,2,1,,9.2150001526,21.6229991913,1.1627164052,1.0016644859,0.3570257833,1.1249017077,1.1705610846,0.9781318354,2.7493673354,0.8862587349,1.0659942171,1.1604621428,,0.9039405707,0.3441479603,0.7394892294,0.9588651323,1.0545296049,1.1259173304,0.2451604612,4.4930649256,0.9133883954,0.9251122717,1.1472663135,0.9738690612,1.0543837852,2.6799381887,0.8525760403,1.3687895023,0.6691031675,1.7715337501,0.9005628015,,1.9340163341,,2.8270552891,1.2649668676,3.7150975596,0.5902510375,2.3924692553,1.0229952417,0.734482263,0.7255259748,2.6911064916,15.0741027341,1.1510890135,1.2342213615,0.7750175331,1.0177618833,,ABV73,0.0163,4.710982659,346,0.0602,17.3988439306,4.83,82.7551002608,0.500779,15.648238,12338.284,4.740915,,4.443259,0.00725,
8,ABV74,MA-E2 3mo,4,2,2,1,,8.4899997711,21.0659999847,1.0632637752,0.9046301533,0.0523415229,0.7324486198,0.9019997033,0.8730277209,6.3912526902,1.154125703,0.9114274833,2.3112941013,,0.5198976343,0.2844208904,0.7991845243,1.6351242555,1.4677444365,1.0021508773,0.311823218,0.7313837246,0.5873528359,0.9212724961,0.8932898411,0.9290311809,0.7799203585,1.8585787888,0.5101167181,4.2778909313,0.7798666394,0.9800986405,0.351330076,,2.0528104531,,0.5311898343,0.6547875677,,0.5654214013,0.9327091823,0.6501299877,0.5262428252,0.617751631,2.114329036,0.0628039335,1.0453597105,2.5046329091,0.5812778896,1.5501420413,,ABV74,0.0095,2.7696793003,343,0.0561,16.3556851312,5.01,36.9653012821,4.992405,24.303758,10556.522,3.967318,3.217206,2.673181,0.02937,
9,ABV81,MA-E2 3mo,4,2,2,1,,8.095000267,20.5370006561,1.3703075457,1.1129592187,0.8889049762,0.7060297704,1.1205441889,1.0534342207,3.6404061256,1.0005546974,0.9884222593,2.1121330729,,0.9884915204,,2.0485447373,1.1371330436,1.1499734486,1.0996920302,0.440068205,0.5647562681,0.7072538012,1.1532459347,1.9577537019,1.2868118243,1.1650566792,2.6967084409,0.8567222326,1.1494157677,1.1323346567,0.6935151307,0.6363526464,,0.807537244,,0.7043185493,0.8969504921,0.1004396921,1.0915669821,1.4147037876,0.9678131619,0.9929548168,,2.1157956783,0.1016019451,0.9746800252,1.7321940242,0.5001039588,1.4058090264,,ABV81,0.0106,3.4640522876,306,0.0534,17.4509803922,3.64,78.6916251023,0.449632,13.269996,4983.461,2.56097,55.687681,2.824153,0.018889,
9,ABV82,MA-E2 3mo,4,2,2,1,,8.138999939,20.420999527,1.0871109089,0.9178942768,0.4537906957,0.9943319363,0.6373684064,1.0845519009,0.1664430052,0.6895850176,0.8945284996,1.2283316926,,0.89026113,0.8895205227,0.5834173026,0.7739969569,0.6632390604,1.2286724434,7.1840596444,5.4630230009,0.7383103313,0.8234204016,1.4744734378,0.913705195,1.2400509016,1.6236043983,0.8513944605,1.0280429175,0.5716877924,1.586668194,0.9779958042,,1.817052151,,2.196642021,1.052704272,14.4040241722,0.1911000113,2.839230792,2.4551308597,0.6684075234,0.6046199927,1.8585778059,14.8459649069,1.77030715,0.7348899213,0.6517094653,0.5878012163,,ABV82,0.0216,5.3598014888,403,0.0638,15.8312655087,4.34,74.3407536666,1.170369,14.605131,15454.464,5.144075,99.396931,5.126922,0.026255,
10,ABV91,MA-E2 3mo,4,2,2,1,,8.1450004578,20.9249992371,0.9729916212,0.7251743219,0.4036285741,0.6578363735,1.1051177058,0.8479784768,3.059086518,0.6201978617,0.9514502019,2.4515597642,,0.6714262675,0.5133805446,0.7420561184,1.0355519108,1.2088205582,0.8700083557,0.1012364738,0.8314491243,0.9796241177,0.8948389944,1.241600154,1.0760914766,0.9217196068,1.6012512487,0.7026611739,2.1433982908,0.7804081238,0.7254764818,0.4893374277,,0.8541734922,,0.3845651247,0.7210147514,0.2801753452,1.1610261042,1.0923989757,0.6871990893,0.6972755025,0.7336174793,2.4422317233,0.0533266524,1.0548222808,1.1023642927,0.6841101539,0.9496051636,,ABV91,0.0113,3.7666666667,300,0.0538,17.9333333333,2.78,36.108300248,0.500779,14.605131,1596.788,1.363872,34.329675,2.143811,0.015849,
2,ABV13,MA-VEH 6mo,5,1,3,2,,9.2419996262,21.6940002441,1.4196155837,1.0595118161,0.103815922,0.8566633368,1.2545758091,0.8944670048,0.1274586219,1.1132667867,0.9488154389,2.6075586097,,1.3834775164,0.9324508816,0.6692416223,0.9496046614,0.9066390081,1.0920957292,1.5134075431,1.5122533012,1.2935180811,0.9564090913,1.7425499464,1.2788085719,1.3373708227,0.721064226,1.0821491277,2.1168211141,0.5657744945,2.089269885,0.2091918927,,3.0138347652,,1.159336881,1.1543643689,,0.1590331498,2.0526658038,3.4624644511,1.1048107826,0.5664811178,1.0001379679,12.4839269236,2.6702950321,0.6388722817,0.5130959655,0.1083221864,,ABV13,0.0098,2.4936386768,393,0.0718,18.2697201018,1.8,22.5074373636,27.120505,240.092657,2262.556,7.073937,2.378143,2.527212,0.010003,
2,ABV14,MA-VEH 6mo,5,1,3,2,,9.0439996719,21.5750007629,1.2530986642,0.8792825057,0.3058931369,0.9820026666,0.7037817536,0.958001084,2.8384437562,0.7380543445,0.9680816425,1.9435576396,,1.0120629195,0.8550612285,1.4748828607,1.0248405977,0.9907551036,1.0339015745,,0.6772213744,0.7825744093,1.0243442772,1.2313139461,0.9977847454,1.3080339256,0.8421789353,0.8549424261,1.5821641423,1.383478248,0.8888432805,1.6631266856,,0.8482725896,,0.4576448159,0.9221665687,1.100683728,0.6738033978,0.7157363764,0.5774626834,1.2106646296,1.1290416481,1.4036656718,0.3027080157,1.2024693157,1.2812918818,0.7131606767,1.20447057,,ABV14,0.0108,2.9834254144,362,0.0528,14.5856353591,2,13.9711211468,26.517783,41.41222,9729.125,5.626301,1.681451,5.409316,0.015176,
2,ABV15,MA-VEH 6mo,5,1,3,2,,9.0010004044,21.4580001831,0.7914114837,0.8599954843,,1.0590715111,1.1746250714,1.1967321159,0.7027581651,1.6310488156,1.2511021246,0.3161539292,,1.1779683317,1.3260185553,1.3524735465,0.3231779166,0.7789487288,1.0883179981,1.1217875114,0.7779234901,1.217819507,1.0708080247,1.0921721105,0.9611274544,0.8255344936,1.2026364103,1.276240477,0.0730941808,1.0734840379,1.4399314365,1.7555231209,,0.2532440658,,0.9403695968,1.1134992114,0.4757907043,,1.2513626645,2.7354932844,1.7133271267,1.48154332,0.9980615403,0.3455582134,1.1095701322,0.8916814769,3.47569338,1.7128519654,,ABV15,0.008,2.1739130435,368,0.0413,11.222826087,1.4,15.2741463386,21.402576,31.368768,739.236,5.72431,3.796126,2.223602,0.010003,
2,ABV16,MA-VEH 6mo,5,1,3,2,,9.2650003433,21.6639995575,2.0555161589,1.4777488797,1.6067006941,1.3820413538,2.1828294846,1.8379528128,3.953418807,1.2173980697,1.7558868483,2.1595044975,,1.2721782403,1.2151206825,1.705978495,2.8786676008,2.4260347508,1.1329629845,4.2333500651,1.9128191941,1.7044436899,1.5852384226,2.1319895617,1.5798642772,1.4767229614,2.1587563256,1.8300723104,4.2542394381,1.784228689,2.9059313209,0.953232786,,2.2604333931,,2.4645104492,1.6656668899,2.0768547895,1.5108919845,1.4354468567,1.7529694038,1.8110175866,1.5845804776,1.9442322571,21.9934091849,1.4063931144,2.6677060878,1.3034180691,1.7806453774,,ABV16,0.0097,2.5729442971,377,0.0515,13.6604774536,1.43,18.2575057933,25.928373,29.936128,4539.723,4.189047,2.469073,3.294357,,
,ABV49,MA-VEH 6mo,5,1,3,2,,,,,,,,,,,,,,,,,,,,,,,,,,,,,,,,,,,,,,,,,,,,,,,,,,,,ABV49,,,353,,,,,47.528641,71.546947,1248.682,8.151555,6.470663,5.824241,0.04441,
7,ABV61,MA-VEH 6mo,5,1,3,2,,8.6780004501,21.5440006256,0.6423801906,0.7963093644,1.8328641094,0.8177891434,0.6902544257,0.7160345091,0.710102704,0.7779778982,0.7590152588,0.2532617778,,0.7206152663,0.8580304213,1.096268265,0.8510996029,0.9818672653,0.8196612872,0.1983061513,0.6706813892,0.7072538012,0.8401398367,0.6926510536,0.7509562007,0.8593995737,0.7542947066,0.7453041132,0.2396332004,0.7627597962,0.462652707,0.6100085541,,0.2984580104,,0.4491595196,0.767959023,0.330884318,1.0587779361,0.5882499391,0.5240586684,0.597826861,0.6139107776,0.6021524064,0.0926542207,0.4697617286,1.0699926166,0.786380694,1.0892994389,,ABV61,0.0095,1.8304431599,519,0.0517,9.9614643545,1.71,29.0816813282,3.820067,63.679825,7544.223,12.442212,3.346924,5.257379,0.045132,
7,ABV62,MA-VEH 6mo,5,1,3,2,,8.767999649,21.8910007477,0.6761895699,0.8249614802,1.8533040935,0.9867795826,1.148857446,0.9660028011,0.8604117186,0.9238940444,0.8503916864,0.7183207139,,0.7934988878,1.1345338299,0.6899676655,0.9294181594,1.1200782243,0.6859136363,0.9472393369,0.5682903441,0.9755580849,0.8619637941,0.5352185188,0.8770911838,1.1953224444,0.909534149,0.8662763445,1.8946094205,0.9769117227,0.6542893004,2.3520178695,,1.0917172224,,0.611023218,0.8179586896,0.3526724384,0.4966839484,0.6357360165,0.4137409553,0.8355513394,1.0800503543,0.9448775306,0.2202173593,0.8055242974,0.3102709624,1.297108333,1.3429445012,,ABV62,0.01,2.8328611898,353,0.046,13.0311614731,3.06,14.4115554166,26.537407,39.089401,5463.623,9.725164,1.709427,2.855662,0.00725,
7,ABV63,MA-VEH 6mo,5,1,3,2,,8.8739995956,21.2689990997,0.9490125262,0.9830930473,0.9788089106,0.9888331921,0.7912462895,0.9619939409,2.0937643402,1.0481167825,0.9107956935,1.0179730229,,0.9946765473,1.1543655898,0.907896417,1.0009702773,0.9990297387,1.1361083553,0.4889637686,0.2584039491,0.9261385039,1.0165626237,0.710152087,1.0019420921,1.0900538981,1.5726522283,0.8178453666,1.7016081199,1.0922464755,0.377617742,1.7158221858,,0.8625021855,,0.6352074843,0.7765227399,0.3444583115,1.3153071726,0.8164853111,0.5086689935,0.8674185984,1.2303759893,1.2747368128,0.0965888169,0.7510595603,0.6804679211,0.5796682106,1.8357873401,,ABV63,0.0096,2.2222222222,432,0.0462,10.6944444444,1.8,11.5493030006,54.820811,105.635308,10045.288,20.23432,4.996995,9.776073,0.010001,
7,ABV64,MA-VEH 6mo,5,1,3,2,,9.2510004044,21.2509994507,1.2574500386,1.7271574429,0.808376939,1.6276616674,1.0564324035,1.2640913459,0.5979515155,1.198973454,1.3728750591,1.9530107136,,1.2765941806,1.3900144202,0.7671600946,1.4890590817,0.8660967831,1.4939179307,1.1445644919,,1.313393827,1.301071271,1.5792064748,1.0828253354,0.676611567,1.0719221831,1.221708815,,1.2027195688,3.5677144079,1.2842274876,,3.5716758707,,4.0230785955,1.579097494,10.8784438305,0.6784901787,2.786589812,2.6240580586,1.0964192973,1.3642418475,1.2871687981,43.7739108585,1.5230884054,3.9057534224,1.9660504084,0.7486691573,,ABV64,0.0112,2.7791563275,403,0.0436,10.8188585608,2,16.6445836233,26.12307,43.953675,1172.307,6.303319,1.675207,3.761975,0.015849,
7,ABV65,MA-VEH 6mo,5,1,3,2,,8.7650003433,21.4869995117,1.0529964414,0.9995842283,0.579588361,0.9322572338,1.0282570056,0.884601395,1.3150334931,0.8698269857,0.823135232,1.3469539845,,0.7617022894,0.591766322,1.1515683356,1.8168001697,1.4779526639,0.9056972441,0.4018699015,1.6073688864,0.8084893776,0.9289674371,0.9567409387,1.0671778591,0.6855818175,0.8259925792,0.8999398517,1.5799735198,1.0148731801,1.1235001496,0.4373620443,,1.8070036909,,1.8053765652,0.8839890188,2.1058472701,1.2582342903,0.8441089227,1.0524857896,0.686247521,0.6364419992,0.7961987249,7.3768302683,1.077733923,1.008771799,1.0712542005,1.3053170546,,ABV65,0.0092,2.0720720721,444,0.0571,12.8603603604,3.15,9.8948267626,17.087177,43.160358,3225.228,8.377737,2.980375,3.907884,0.012215,
7,ABV66,MA-VEH 6mo,5,1,3,2,,8.3350000381,21.1809997559,0.6330974111,0.7575433875,0.9025635788,0.6707279421,0.648060557,0.7130625327,0.9890396379,0.7801377472,0.745975042,0.5932450245,,0.8617256549,0.8421214846,0.7237683615,0.5156272127,0.4188773613,0.8311035961,0.322595695,0.6433608304,0.701394923,0.6758150099,0.5031987319,0.6767989075,0.9027510587,0.6639747074,0.7971368575,0.0708985405,0.6714261787,0.2808746661,1.2422025615,,0.3767293457,,0.6422917024,0.7438583387,0.0412746149,1.3189587736,0.5275938584,0.3424107534,0.7390784335,0.9402398117,0.4938686795,0.0547119687,0.4277972018,0.5769827505,0.4844099498,0.9575367536,,ABV66,0.0103,2.5944584383,397,0.0391,9.8488664987,1.46,20.8823670421,18.664584,23.243279,2385.758,4.208703,5.392662,3.508161,0.024619,
2,ABV09,MA-E2 6mo,6,2,3,2,,8.998000145,21.5489997864,1.8144098886,1.0877897857,0.2161493186,0.863818058,1.3362586186,1.0681399533,3.4896938884,1.0835755971,1.0564321242,4.0130508057,,0.9796239882,0.7443746246,1.1294341408,1.5035792763,1.5048305469,1.0196685705,0.1458745935,2.937726306,0.9762347983,1.2480714489,2.1798063323,1.5419978754,0.9307069144,1.6878643419,1.3166759025,1.4388339941,0.8399065055,2.5122840914,1.0866607147,,1.4728386351,,0.0254586383,1.13453338,10.8709102196,0.6022352054,2.9109708198,2.2389146765,0.7238690318,0.7160335625,3.2788735907,8.2363179888,1.6166418787,2.7237615599,0.6994540021,0.6178805218,,ABV09,0.0101,4.0079365079,252,0.0429,17.0238095238,3.1,55.8877229235,1.031382,17.098,4025.748,1.484927,14.058066,2.114973,0.002044,
2,ABV10,MA-E2 6mo,6,2,3,2,,8.8190002441,21.4570007324,1.0442741276,0.7617559658,,0.3828365688,1.6303716416,1.0175502494,3.0654508264,0.6824526916,0.9461892231,1.0656253203,,0.7622306579,0.5362955747,1.4256300343,0.6799023799,1.3496641931,0.9599954366,0.5577919633,0.8512768429,1.0106617777,1.0708087326,1.4501475155,1.2568389075,0.8347408018,2.0239856192,0.9834337632,1.5346393029,1.1213988621,0.5640902767,0.643003605,,1.0342608565,,0.5166647755,0.7485131818,0.0680812599,,1.0625279987,2.4012745021,0.8401971521,0.7022712079,2.0968167434,0.0430154638,1.2175665949,0.8879810463,2.5960179071,1.573960981,,ABV10,0.0102,3.6170212766,282,0.0593,21.0283687943,3.3,64.1576658622,1.315239,17.379039,4533.345,2.718553,41.970846,2.80108,0.030788,
2,ABV11,MA-E2 6mo,6,2,3,2,,9.0850000381,21.7779998779,1.399101286,0.9083999648,1.103509826,1.1032807992,1.3766868461,1.1440100391,1.8013768392,0.9092819056,1.0513187211,1.2403102879,,1.1323340579,0.8334103835,1.0804265302,0.8481555153,1.1208551867,0.924086688,3.3260277846,1.8747513677,0.9469101592,1.0641496024,1.3824241968,1.3093045526,1.0683616854,1.7902982474,1.276240477,0.6915478308,0.8563666544,1.2302904306,0.6953921312,,0.9244071982,,0.7276411112,0.8815416526,2.500817879,2.201367165,1.6149617509,0.9820037052,0.9011258979,0.9856173516,2.7098268387,3.4295031762,1.0912643993,0.9457950116,0.7538246578,1.8952660457,,ABV11,0.0143,5.1438848921,278,0.0612,22.0143884892,3.45,60.8568019512,2.760713,14.288836,25823.871,3.237166,41.2447,2.419412,0.021085,
2,ABV12,MA-E2 6mo,6,2,3,2,,9.2840003967,21.6830005646,1.3135761619,0.9262030332,0.9808472289,0.7943243005,1.8457405985,1.0763142901,2.7228164581,1.0358393196,1.1051174136,2.2496511311,,1.2169759738,0.6916436537,1.1131138751,1.6869302796,1.9326764655,1.1329622356,0.6596623326,1.4129390991,1.091491076,1.2804937663,1.6902074592,1.2939658695,1.2918148921,2.4987384423,1.2647924505,3.465109043,1.0183966453,1.8100117819,2.1538236344,,1.2514491922,,0.4695334826,1.095888312,2.1967956544,2.4544509455,1.6580655651,1.0731112723,1.1186819364,1.0021515398,3.0998533283,1.5083812054,1.5083808066,1.8942164562,0.974882485,1.6059210982,,ABV12,0.0138,4.380952381,315,0.054,17.1428571429,3.05,43.0618382769,2.58462,13.914218,11758.893,3.442784,61.667666,2.333179,0.029514,
5,ABV50,MA-E2 6mo,6,2,3,2,,8.2100000381,20.625,1.1192248536,0.910921896,0.2651903658,0.9611280898,0.8509818009,0.9653344566,0.315147412,0.6982429164,1.071179707,0.8081533909,,0.8434067094,0.6816485369,0.7472171515,0.6299895783,0.5364814416,1.1204668603,2.8934686378,5.6400188245,0.8914955888,0.8825197849,1.0505905161,0.8868736214,0.5673850473,1.3307139203,0.8315645521,1.592065905,0.8277693521,3.344984954,0.4343414693,,3.0242962823,,1.5076479204,1.1104164351,7.8375389892,0.0749670447,2.3742959131,1.3461137223,0.9111745943,0.7663634158,2.2598070989,12.3206017268,1.3213381855,0.9543563247,1.4204031347,0.2514599981,,ABV50,,,349,0.0669,19.1690544413,3.35,70.9246013235,14.509628,12.118186,50000,14.419647,,2.186032,0.382432,"Can't find capsule, E2 level is low"
5,ABV51,MA-E2 6mo,6,2,3,2,,8.1859998703,20.8449993134,1.2367029421,1.0609822246,0.7397449314,0.6867229134,0.9707682373,1.1543655898,1.5801909831,0.8783088903,0.7408220985,0.5114621196,,0.674691504,0.5377841015,1.1317853802,0.7337696718,1.0804261017,0.9461235514,0.2893323419,0.7452001664,0.7940488926,1.0123446122,1.0936863996,1.1501327922,1.5087976499,3.6130031893,1.280670518,0.5675813889,1.1820563162,0.705637375,2.1763347247,,0.6468930428,,0.6234299582,0.9228068561,0.881114148,1.9963975577,1.0370604976,0.6679447218,0.9296764804,1.028185366,2.3346406594,0.2814594984,0.9780633002,1.008771799,0.722615481,1.5150867751,,ABV51,0.01,3.3333333333,300,0.0602,20.0666666667,4.2,,0.159049,9.497299,6325.06,2.296774,28.409596,1.429971,,
6,ABV52,MA-E2 6mo,6,2,3,2,,8.1470003128,20.7099990845,0.9865750433,0.9662043527,3.0253444292,0.6619529169,1.124435269,0.8981950578,3.2492344589,0.8183563093,0.7874172868,2.0120986478,,0.4488485241,0.5852401522,0.7708914072,1.0449250104,1.410885223,1.0112229908,0.1693170058,0.3780633253,0.7787865479,0.9623946497,1.1338274297,1.0926270437,0.6990175735,3.3154389423,0.7264324076,1.0584119563,0.8073686838,0.5183509439,0.775876854,,0.7805705392,,0.1406616138,0.6722640446,0.2078189757,1.3835739111,1.0946738394,0.8367099362,0.7099556081,0.616041763,2.6836578074,0.0427479598,0.7884006264,1.2902058821,1.5826043049,0.6975656688,,ABV52,0.0127,4.3344709898,293,0.0576,19.6587030717,3.6,76.2118136486,0.319989,14.414932,22004.19,1.556367,71.408855,3.225995,0.015849,
6,ABV53,MA-E2 6mo,6,2,3,2,,8.1529998779,20.2989997864,1.4829799456,1.0639270567,1.3473274641,0.9400439249,0.8151847431,1.1835334263,0.875451219,0.8478028202,1.1012946385,1.0582643407,,0.5716882459,0.9330976928,1.2946837147,0.6585660279,0.7571236633,1.3501315966,0.357942477,3.8362567212,0.8475089823,1.0708087326,1.3344088233,1.075344833,2.1937502591,1.5520764476,1.0287556298,1.008282994,0.8847246697,1.7641831456,1.2656687925,,1.1619913821,,1.6543900125,1.0614962971,9.1413033915,1.1666715595,1.9231880692,1.906332999,0.7598567364,0.9247270861,2.1468170756,6.9934310159,1.317679126,1.3164015901,1.0983205749,1.0427547715,,ABV53,0.0153,4.6646341463,328,0.0618,18.8414634146,4.6,47.3463555149,4.308474,16.215166,22262.216,4.942183,89.095909,3.685871,0.026255,
6,ABV54,MA-E2 6mo,6,2,3,2,,8.2119998932,20.6480007172,1.1277916275,0.9988913294,0.7037330927,0.9067646347,1.076389283,0.9132614889,0.6404244937,0.9413477872,0.7690774768,0.8222789024,,0.687436983,0.515519584,0.523985717,0.9562104679,0.9811866476,1.1042747114,0.2575276568,4.7525416937,0.9581335741,0.9130079704,1.0254091419,0.984730238,0.9968157768,2.6120799766,0.8229631984,0.9937126992,0.7553932598,1.7838560247,0.8710940302,,1.5321945948,,2.6050301462,0.9031888224,6.3484342424,1.1029742402,2.0640803519,1.1025157276,0.7426736535,0.7305725229,2.5143751331,14.6212991443,1.2596303896,0.9730600583,0.883498769,1.1602206823,,ABV54,0.023,7.210031348,319,0.0609,19.0909090909,3.68,82.3252681523,1.91586,18.563231,16298.697,5.451215,,3.712531,0.00725,
1,ABV01,MA-VEH3mo/E2 3mo,7,,3,,1,9.0290002823,,1.0045154595,0.7287019059,0.8190940832,0.6958262963,1.0505895438,0.8889039185,0.2602733767,0.7556558598,0.982956846,1.2911885957,,0.7048067398,0.6620904173,0.8435822358,0.8481555153,0.8412464041,,0.0529876552,3.2868386787,1.0290408803,0.973127857,1.2001376634,0.9684834786,0.7990731684,1.7853417203,0.8759381613,1.1622332111,0.752779738,1.182630772,4.033129843,,1.4738612703,,1.7953938589,0.8230772306,6.2653745624,1.1022111299,2.0314352356,1.3743990872,0.9908919925,0.6611728304,2.208704765,10.7331340813,1.1297471578,0.7639768251,0.7771686497,0.5290224221,,ABV01,0.0144,4.8160535117,299,0.0552,18.4615384615,4.54,,0.689633,6.926241,570.522,0.067151,26.444533,0.9693,,
1,ABV02,MA-VEH3mo/E2 3mo,7,,3,,1,9.0679998398,21.6669998169,1.1168997083,0.7875263937,0.4444519005,0.6660947801,0.7326522922,0.7392327362,0.8409541714,0.6767997128,0.9932297467,1.9857720613,,0.7316879881,0.6543343694,0.5298291724,0.776146267,1.0031935991,0.9863010428,5.2263318782,3.5056917649,0.5231514133,0.8788567939,1.1721843694,1.2039708198,0.8085448545,1.1166679025,0.7219144029,0.9779963214,0.5334037827,0.9666069431,1.529331957,,1.4800022264,,1.1657829984,0.8265077377,4.4921288537,0.4980625302,2.4410480059,0.8269083107,0.8166559906,0.5403997753,2.2102354117,6.1389832964,0.9037523659,1.2376470311,0.3776969794,0.8440501129,,ABV02,0.0095,3.8617886179,246,0.0598,24.3089430894,3.4,74.5995191332,0.125113,4.930877,14084.655,1.084709,22.509345,3.015025,0.017841,
1,ABV03,MA-VEH3mo/E2 3mo,7,,3,,1,9.1289997101,21.4409999847,1.453468454,0.8405462387,0.5783839067,0.8274821293,0.9768430147,1.021082334,1.349195346,0.7785165273,0.9980612764,2.3894842793,,1.0697694147,0.6575164858,0.6966957161,1.1642496926,1.347793702,1.2033861574,0.7183699087,3.4718392925,0.6021933268,1.1310787472,1.3325594745,1.5228777938,1.546921069,2.6632704666,0.9719133438,1.7458146909,0.8056919399,1.6806260336,0.6341518216,,1.6308224129,,1.7523604563,0.9815273517,9.071871491,1.2793400626,2.3367444843,1.9517910886,1.146947381,0.9467792212,3.1041512536,9.4676002383,1.3369995727,0.8239341738,0.896453054,0.8860127123,,ABV03,0.0145,4.7231270358,307,0.0582,18.9576547231,3.24,44.4593399179,0.518961,14.944291,4307.617,2.570862,31.220303,1.673734,0.007467,
1,ABV04,MA-VEH3mo/E2 3mo,7,,3,,1,8.7419996262,21.3600006104,1.1937496553,0.7575433875,1.4500478244,0.6943807447,1.2043040166,0.838626171,1.2987285265,0.9888337151,0.9741389641,1.0046550465,,0.7533020167,0.6216173361,0.9464505788,0.9582004594,1.0707338453,0.9733961389,4.0133256425,0.9212723743,0.9469101592,0.9617268944,0.8271375936,0.9691546439,0.91598763,2.2786818671,0.8844784883,1.6770188607,1.2416855143,0.6930339368,1.2115880404,,0.7282969099,,0.44236175,0.8357243471,0.3256513275,6.4236792974,1.096951265,0.7504354492,0.9538269239,0.9599954366,1.8923764446,0.0661093934,0.9447461242,0.6586573678,1.8990780076,1.1339831868,,ABV04,0.0157,5,314,0.053,16.8789808917,3.2,43.4698209352,1.330863,13.352127,8808.475,2.719507,53.906666,3.356324,0.010003,
4,ABV41,MA-VEH3mo/E2 3mo,7,,3,,1,9.1979999542,21.5009994507,1.1562872443,1.033400456,1.9508448233,0.9264597257,1.1440889925,1.1623942535,1.2042205894,1.059071371,1.07192275,1.0604674198,,1.0675470111,0.9938497339,0.7746413803,0.6770812688,0.9629955166,1.2109173887,6.8059582696,1.7847217633,1.2845820461,1.0350504029,1.4242482128,1.117906185,1.2120089085,2.5406542589,1.0606135199,0.2231212799,1.1441679514,0.9958494608,0.7234166998,,0.5714104007,,0.7771684442,1.0189613453,2.2726892948,3.0767316952,1.9298637719,1.2603286868,0.9380912689,1.087564309,1.9892168616,2.4708356736,1.0769868518,2.0343951583,1.3475130848,1.4433285835,,ABV41,,,298,0.0579,19.4295302013,4.68,52.829906477,0.518961,6.444298,50000,7.524068,76.92619,2.722026,0.022606,
4,ABV42,MA-VEH3mo/E2 3mo,7,,3,,1,9.6780004501,21.968000412,1.5534754877,1.4136255724,,1.7898019761,2.0622233761,1.5519695442,2.2285405685,1.7749762265,1.4847306249,3.2258979368,,1.5749428438,1.1876424509,0.9041292929,1.5309211781,1.8746229828,1.2218777754,2.3050515008,3.122495163,1.6997226082,1.2822700098,1.7149912297,1.4189265768,1.5652582853,3.2902568412,2.0489726976,3.2918540993,1.473553626,1.6448996286,1.2048886471,,2.0670878405,,3.1043675375,1.5780039271,4.6152243362,3.5415983728,3.0790808545,1.8274099067,1.7192743675,1.8113932909,4.3115324577,18.2269269509,1.180993489,1.7970119875,1.9565342189,1.3588637775,,ABV42,0.0122,3.57771261,341,0.0556,16.3049853372,4.32,65.0228826797,0.238121,6.056849,17605.772,1.415906,26.289082,2.858381,0.0195,
,ABV43,MA-VEH3mo/E2 3mo,7,,3,,1,,,,,,,,,,,,,,,,,,,,,,,,,,,,,,,,,,,,,,,,,,,,,,,,,,,ABV43,0.0156,,,0.055,,3.5,34.2122293929,0.5364,8.074377,5643.66,2.15804,31.053196,1.640999,0.021085,didn't weight bodyweight
5,ABV44,MA-VEH3mo/E2 3mo,7,,3,,1,9.2969999313,21.986000061,0.9314179011,1.226374938,0.9454675858,1.0372756408,0.8646564868,0.9849347855,0.269451755,,1.0469551123,1.0386435081,,1.0727400544,0.9292253871,1.0150851966,0.725677448,1.0249831446,0.9266521693,0.2439743054,4.0269844931,0.9436346479,1.0193861875,1.7257219914,1.3582981718,1.3903029692,1.1811560377,1.4259269192,0.8298367903,0.9280662799,1.837825004,1.0591441824,,1.6444438792,,2.8075250905,1.0951286564,10.263142625,0.4414735772,2.5981755512,2.2638844072,1.3248236594,0.8156933766,1.938846993,16.9122844007,1.1297471578,0.6486898271,0.8743602296,0.581721248,,ABV44,0.0132,3.9169139466,337,,,3,73.2060175598,0.919157,15.131547,9394.772,2.001215,21.169948,5.07492,0.052285,
5,ABV45,MA-VEH3mo/E2 3mo,7,,3,,1,9.640999794,21.6319999695,1.8525329298,1.348540874,1.1361074541,1.9116246681,1.7632033519,1.7545490647,2.9816259912,1.2796946253,1.5499262543,2.6957748645,,1.1159711508,1.3306213842,0.8642978441,1.9991687209,1.8707285277,1.5032654288,0.6249451471,2.7889058473,1.5716722091,1.7132068518,1.5639559418,2.1299216786,2.1891942769,4.4082290397,1.2242505318,2.5454136142,1.2161314171,1.5178196021,4.2307108779,,1.9047473745,,1.6125005793,1.3141217551,2.9822469095,0.9899310264,2.7425158056,1.5897501753,1.1295897424,1.5671031948,4.8608181745,8.7301059611,1.6713344526,1.9100353996,1.0727394871,1.9203902001,,ABV45,0.0127,3.8837920489,327,0.0702,21.4678899083,3.87,107.0741013271,0.238121,5.959692,10349.033,2.218613,76.439348,3.003005,0.039031,
5,ABV46,MA-VEH3mo/E2 3mo,7,,3,,1,9.6909999847,21.5909996033,1.7513881549,1.4284003443,1.7509049843,1.689737146,1.4775435609,1.7988819872,1.6313874003,1.4052246237,1.4541736571,1.0300400843,,1.7621041223,1.3195994122,0.8715169036,1.124590182,1.7551571483,1.6011409582,0.4358181403,2.1150620902,1.8091354498,1.3743024232,1.6600185462,1.3686948614,2.2090093493,4.4946227059,1.4150954915,1.4348495643,0.9721832188,1.8365510474,3.2241097446,,1.1996393938,,1.7246465847,1.3595221809,2.9371142688,1.5522910973,2.2260720583,1.4278063615,1.4377366277,1.8843931326,3.5142083077,6.1645659166,1.1026684954,1.1069573781,0.9932994759,2.2212927116,,ABV46,0.0164,4.880952381,336,0.0611,18.1845238095,4.12,65.6557545844,0.195418,10.535257,5956.265,1.390752,62.382294,2.879047,0.039031,
5,ABV47,MA-VEH3mo/E2 3mo,7,,3,,1,8.2349996567,20.2989997864,1.2981874364,1.1610254902,0.455366179,1.0166337222,1.6462687228,1.0161407046,3.186781206,1.305677781,1.0296824046,2.1004514005,,0.8079288364,0.9513835362,0.8148460817,1.4136257593,1.66508871,1.4290930068,0.2245017155,1.5196085975,0.8761804598,1.0708080247,1.1640873159,0.904254213,1.4705936676,2.8623498049,0.9099753223,3.3703510872,1.1354782831,1.4034712028,1.4378358526,,1.5300721474,,0.7181215002,1.0203748027,3.8434420857,0.5319638097,1.6273219197,1.3257410696,1.1816472551,1.0770608948,2.6320719743,2.6500137608,1.2772137356,1.0655514999,0.7611743879,1.1870652469,,ABV47,0.0046,1.4603174603,315,0.0581,18.4444444444,3.53,72.1037782209,1.121648,15.837369,4488.203,2.005407,56.352624,2.545922,0.00725,
5,ABV48,MA-VEH3mo/E2 3mo,7,,3,,1,8.232000351,20.9759998322,1.1643300428,0.9437003963,0.5938207544,0.6910202201,1.2871670964,0.8328337753,1.1019810614,0.9086528044,0.9351051042,1.4436289632,,0.7771685469,0.7185195079,0.4929796667,1.1292773663,1.1897028603,0.8919906298,0.5369280406,4.2684151602,0.535997939,0.8020149266,0.830585573,0.9086529246,0.9648655513,2.6762276175,0.7987968533,1.3230804744,0.5824878314,1.4132342754,0.7021735413,,1.96509723,,2.3855125218,0.9031888224,5.1458211588,0.4874748186,2.727349449,1.1109553409,0.9888341073,0.7835521154,2.7725253605,12.3977003698,0.9460578844,1.258409134,0.5556704058,0.6571986651,,ABV48,0.0169,5.0598802395,334,0.0664,19.880239521,2.86,68.6717427135,0.172813,8.415711,8771.181,3.197387,72.62146,1.832491,0.017424,
1,ABV05,MA-E2 3mo/VEH 3mo,8,,3,,2,8.9189996719,21.7240009308,0.9230623633,0.7528318898,0.2477743567,0.5699072298,1.0261194857,0.8503332259,1.827789495,0.6642510158,0.8486255923,1.5133019027,,0.8877958122,,2.1743735957,1.6927870116,1.4345525285,0.8550606633,1.5711266563,0.3474073228,0.7798663301,0.9393278439,1.8754008626,1.2309737647,0.7543988249,1.3824227347,0.8037954852,0.6877230551,0.8983184454,1.1447232374,0.6036984833,,1.2839592564,,0.7266336386,0.7711587832,0.1200243875,1.0817733532,1.0284695066,0.6610353457,0.961794412,0.7895485382,0.9674095576,0.0629347194,0.6717516791,0.7242698419,1.0675471522,0.8977585276,,ABV05,0.0108,2.6666666667,405,0.04,9.8765432099,2.25,21.457903636,27.376851,31.081932,10462.387,5.205658,8.467184,2.618275,,
1,ABV06,MA-E2 3mo/VEH 3mo,8,,3,,2,8.9659996033,21.3600006104,1.3684093497,0.8623824632,0.3958704644,1.0964197322,0.9647312375,1.0519749683,1.7778085422,0.7493955245,1.028968642,1.6298048513,,0.9001886705,0.6507158421,1.3338523385,2.1029276776,1.1636037059,1.1368949342,0.7447348989,2.397780792,0.9891766821,1.1326484776,1.2160478136,1.1686153991,1.0817737823,1.2009688902,0.8931038538,1.3907849979,1.1738918466,1.3537848365,0.7620183598,,1.6444427922,,1.2144475938,0.9402394388,1.4393326586,0.9450087055,1.1611056179,0.8973857989,0.9251759957,0.9680138115,1.2076474469,4.7799606107,1.1925088692,1.5375151274,0.9701638031,1.6238291549,,ABV06,,,382,0.0406,10.6282722513,2.31,17.8365102613,11.85053,11.804638,5936.842,5.494099,9.543534,2.130525,0.010003,
1,ABV07,MA-E2 3mo/VEH 3mo,8,,3,,2,8.8120002747,21.7530002594,0.6971303263,0.7750710206,0.5868652263,0.9175128243,0.7830630062,0.8123082925,1.9739685896,1.8619326641,0.8271382497,1.3867438582,,1.0419598991,0.7813817805,0.7650366806,1.2417725221,1.4965087,0.7781390877,0.3723674494,0.8619642499,0.9102276377,0.7089233214,0.795096014,0.7473208856,0.9058852552,0.6552876005,0.7705179701,1.5198191589,0.608909995,0.9645982177,0.5851591482,,1.0737074471,,0.8335270755,0.7749100569,1.7634506973,0.7409251407,0.6490944905,0.7437039554,0.9478952786,1.1134981809,0.8011810986,6.7178512863,0.6920749294,0.7692903176,0.3331626399,0.8890893838,,ABV07,0.0025,0.6944444444,360,0.047,13.0555555556,2.03,15.9828539291,16.776528,27.271907,1416.677,4.971452,2.455104,2.196399,0.023346,
1,ABV08,MA-E2 3mo/VEH 3mo,8,,3,,2,8.8260002136,21.6760005951,1.3072181156,0.9249194143,0.5441589271,0.9498683419,1.3408978788,1.0548954974,1.4631724609,1.342387119,1.07192275,1.6062553161,,0.9534964655,0.6764706931,1.4892638349,0.9496052891,1.1627978795,0.8288020978,0.6753934203,2.0134935775,0.9495396315,1.0053523422,1.4212893935,1.3489163987,0.8249622437,1.1135756174,1.0964951112,1.1218656727,1.6080362936,1.7302739348,0.7546614783,,0.8002924823,,1.4583127715,1.1909391524,4.291256924,2.1426545658,1.0320415404,1.1824678639,1.0956592736,0.8994409936,1.2650555068,4.6880916015,1.0658462485,0.982548615,0.8945907082,1.5004544597,,ABV08,0.0081,2.16,375,0.0458,12.2133333333,2.2,18.764991878,16.09513,16.676517,3043.799,6.237032,3.923618,2.732975,0.033255,
6,ABV55,MA-E2 3mo/VEH 3mo,8,,3,,2,8.2729997635,20.3869991302,1.389436767,1.2811148751,1.1290429915,0.9073924286,1.4867895869,1.1487781635,3.9152351247,1.1280260407,1.0275432801,1.6628978089,,0.6165538591,0.8864429451,1.3182278175,2.6016004192,1.7406186078,1.3804135827,0.3685163245,0.7498629106,1.0071650737,1.0971035519,1.1584528339,1.0768365031,1.7744827948,1.6972491652,1.0416705166,1.2967501457,1.2721772312,1.8868758582,1.3462064458,,1.3761138218,,0.7696637703,1.1688584521,0.2225803779,1.4797975727,0.8781262543,0.8407795253,0.766734434,0.9094715024,1.278275781,0.1173589774,0.9692893172,1.1749498362,0.983706447,1.6510674591,,ABV55,0.0108,2.7341772152,395,0.0493,12.4810126582,2.15,22.7809250168,25.777864,45.80094,3238.768,10.271461,13.989381,3.00081,0.00725,
,ABV56,MA-E2 3mo/VEH 3mo,8,,3,,2,,,,,,,,,,,,,,,,,,,,,,,,,,,,,,,,,,,,,,,,,,,,,,,,,,,ABV56,0.0144,3.7696335079,382,0.063,16.4921465969,2.65,24.3089772562,29.971048,88.453226,7227.281,10.001313,2.361606,4.563977,,
6,ABV57,MA-E2 3mo/VEH 3mo,8,,3,,2,8.2829999924,20.5820007324,1.0916426048,1.1978105323,0.7140510946,1.1071104686,1.6439871694,1.0028453743,3.5433153027,0.9245349201,0.8773354251,2.78118573,,0.6723567509,0.8509225123,0.5973297664,2.1635501389,1.3628242117,1.2142783766,0.2945941077,2.6256949893,0.8073688973,0.9341338948,0.8410126543,1.0933842413,1.1854211978,1.3060408517,0.7536151992,7.3763133927,1.0749724161,1.4063929284,0.7458195292,,1.9219891008,,1.7829918847,1.0119233735,1.9607426136,0.9159878722,1.2591941504,1.4527626326,0.7050514746,0.7950404088,0.8688625767,11.575484382,0.9050066089,2.5168166043,0.9051951946,1.1747875202,,ABV57,0.0089,2.2704081633,392,0.0463,11.8112244898,1.84,32.4594617654,30.894031,38.911757,7944.459,11.848278,7.056113,4.569614,,
6,ABV58,MA-E2 3mo/VEH 3mo,8,,3,,2,8.1540002823,20.718000412,0.9040655843,0.9981989108,0.7341262692,1.2073125269,0.9026253915,1.0527046896,2.1229928748,0.7937741049,0.8480378966,1.2173134135,,0.6700309631,1.173729832,0.6894893888,1.5706923853,1.3329289629,1.0105213561,0.7742114663,0.7143489975,0.8828863391,0.87946701,0.8634589639,0.8004036906,1.0434776832,1.1488580536,0.7785711827,1.208235138,1.1886303292,0.808881004,1.4937091804,,1.0970278409,,0.9508571673,0.9107327192,0.7575433875,0.5817211711,0.732804672,0.7519976946,0.7866531303,0.8651965601,1.0268326295,1.1582924907,0.868140689,0.8565443118,0.6658642721,1.4028885138,,ABV58,0.0124,2.9807692308,416,0.0564,13.5576923077,1.39,19.0320402341,34.151707,41.924297,1819.703,10.793555,9.277711,3.545995,0.012215,
6,ABV59,MA-E2 3mo/VEH 3mo,8,,3,,2,8.8540000916,21.3239994049,1.0841011899,1.207815261,0.2772194523,0.7720679224,1.2101623095,0.8889045061,3.9781528609,0.7731387982,1.1432963783,1.9885266351,,0.7372875015,0.6198967683,1.0011092393,2.1441428409,1.8681371318,1.0785556583,0.7614389976,0.5730366181,1.0247704155,1.0222169183,1.1640880854,1.3002594596,1.0976352711,1.5180297149,0.7572801316,0.8638789303,1.0347629394,0.9056342632,0.9043162611,,1.2964803274,,0.4093196952,0.9639962234,0.0837597724,0.6985322847,0.7751250242,0.6679442802,0.6150599908,0.7412845295,1.1361867634,0.1045307522,0.9917162142,1.0552620748,0.8434068209,1.5182398568,,ABV59,0.0119,3.2336956522,368,0.0475,12.9076086957,2.06,12.3744287027,34.174834,45.625235,7122.871,9.122025,5.342452,7.635482,,
6,ABV60,MA-E2 3mo/VEH 3mo,8,,3,,2,8.5749998093,21.7709999084,0.8411874601,0.9008759864,0.8374649207,0.9316103892,0.6621356735,0.9234461231,0.371671402,1.4307789369,0.7717465613,0.7099064264,,0.8701285614,0.8276534662,0.6175380158,0.9919921125,0.6305138523,0.6520704928,0.0542887862,3.6876432879,0.7512160665,0.7069601656,0.7516852837,0.6753928845,0.2105740745,0.9768435313,0.8962045569,11.6794469752,0.58653906,1.7100035374,,,2.6751122652,,3.331797141,0.9324511281,6.4683614017,0.9268441627,1.7070436152,1.6538166215,0.7752855202,0.7361644731,0.8334690029,32.2672527049,0.9434380538,3.6416721341,0.9823431345,0.5882089552,,ABV60,0.0125,3.0120481928,415,0.0616,14.843373494,2.27,12.6434930059,9.870117,58.513136,7419.535,11.692666,7.69913,7.21407,0.018889,
